Target_RNA_sequence	Target_RNA_name	Target_RNA_ID
GGGAGAGGGUUUAAUUACGAAAGUAAUUGGAUCCGCAAGG	Pri-miR-96 RNAC  (UU loop mutant to AU basepair)	Target_159
GGGAGAGGGUUUAUUUACGAAAGUAUAUGGAUCCGCAAGG	Pri-miR-96 RNA1 (Drosha processing site only)	Target_160
GGGAGAGGGUUUACGAACGAAAGUUGGUGGAUCCGCAAGG	Pri-miR-96 RNA2 (desired GG loop only)	Target_161
GGGAGAGGGUUUACGAUUUACGAAAGUAUAUGGUGGAUCCGCAAGG	Pri-miR-96 RNA3 (both the Drosha target site and adjacent target site)	Target_162
GGGAGAGGGUUUACGAUUUACGAAAGUAUAUCGUGGAUCCGCAAGG	Pri-miR-96 RNA4 (GG to GC loop mutation)	Target_163
GGGAGAGGGUUUACGAUUUACGAAAGUAAAUGGUGGAUCCGCAAGG	Pri-miR-96 RNA5 (UU loop mutant to UA loop)	Target_164
CGCGAATTCGCGTTTTCGCGAATTCGCG	Pri-miR-96 AT-rich DNA hairpin	Target_165
UGGCCGAUUUUGGCACUAGCACAUUUUUGCUUGUGUCUCUCCGCUCUGAGCAAUCAUGUGCAGUGCCAAUAUGGGAAA	5'UUU/3'AUA, miR-96 Precursor Processing Site	Target_202
UGGCCGAUUUUGGCACUAGCACAUUUUUGCUUGUGUCUCUCCGCUCUGAGCAAUCAUGUGCAGUGCCAAUAUGGGAAA	5'CGAUUU/3'GGUAUA, Expanded miR-96 Precursor Processing Site	Target_203
AGCCCCUGCCCACCGCACACUGCGCUGCCCCAGACCCACUGUGCGUGUGACAGCGGCUGA	Pre-miR-210	Target_227
GGGUUGACUGUUGAAUCUCAUGGCAACCC	miR-21 hairpin	Target_265
GUGGGCCUCAAAUGUGGAGCACUAUUCUGAUGUCCAAGUGGAAAGUGCUGCGACAUUUGAGCGUCAC	Pre-miR-372	Target_266
GGGAUACUCAAAAUGGGGGCGCUUUCCUUUUUGUCUGUACUGGGAAGUGCUUCGAUUUUGGGGUGUCCC	Pre-miR-373	Target_267
GGGAGAGGGUUUAAUUCUUACGAAAGUAAUAAUUGGAUCCGCAAGG	Pri-miR-515 drosha site (RNA 1)	Target_268
GGGAGAGGGUUUAAUUUCUACGAAAGUAGCGAUUGGAUCCGCAAGG	Pri-miR-885 drosha site (RNA 2)	Target_269
GGGAGAGGGUUUAAUUCAUACGAAAGUAUUAAUUGGAUCCGCAAGG	Pri-miR-515 (RNA 3)	Target_270
GGGAGAGGGUUUAAUUCAUUCUACGAAAGUAGCGUUAAUUGGAUCCGCAAGG	Pri-miR-515 and the adjacent RNA motif (RNA 4)	Target_271
CCGACUGAUGUUGACUGUUGAAUCUCAUGGCAACACCAGUCGG	Oligonucleotide 3	Target_282
CCGACUGAUGUUGAXUGUUGAAUYUCAUGGCAACACCAGUCGG	Oligonucleotide 4	Target_283
GUUGACUGUUGAAUCUCAUGGCAAC	miR-21 WT	Target_301
GUUGACUGUUGAAUCUCAAUGGUCAAC	miR-21 BP	Target_302
GUUGACUGUUGAAUCUCAAUGGUCAAC	miR-21 A bulge	Target_303
GUUGACUGUUGAAUCUCAUGGUCAAC	miR-21 U bulge	Target_304
GUUGACUGUUGAAUCUCAUAGCAAC	miR-21 G-A	Target_305
GCAGAGGUUGCCCUUGGUGAAUUCGCUUUAUUUAUGUUGAAUCACACAAAGGCAACUUUUGU	Pre-miR-377 dicer processing site	Target_312
GCAGAGGUUGCCCUUGGUGAAUUCGCUUUAUUUAUGUUGAAUCACACAAAGGCAACUUUUGU	Pre-miR-377 5′-G_G/3′-CAC bulge	Target_313
GUGCAGGUAGUGAUAUGUGCAUCUACUGCAC	miR-17 Dicer site	Target_316
GUGCAGGUAGUGAUAUGUGCAUCUACUGCAC	miR-17 G-bulge	Target_317
GUGCAGGUAGUGAUAUGUGCAUCUACCUGCAC	miR-17 U-bulge	Target_318
GUGCAGGUAGAUGAUAUGUGCAUCUACCUGCAC	miR-17 Base pairing control	Target_319
UGCAGAUAGUGAAGUAGAUAGGCAUCUACUGCA	miR-18a Dicer site	Target_320
GCUGAUUUCUUUUGGUGUUCAGAGGGGUCGGUGGUGGUGGUGGUGGUGGUUCUAGCACCAUCUGAAAUCGGUUA	R-Seq1	Target_321
GCUGAUUUCUUUUGGUGUUCAGAGUGGUCGGUGGUUGGUGGUGGGUGGUGGUUCUAGCACCAUCUGAAAUCGGUUA	R-Seq2	Target_322
GCUGAUUUCUUUUGGUGUUCAGAGAGGUCGGUGGUUGGUGGUGGGUGGUGGUUCUAGCACCAUCUGAAAUCGGUUA	R-Seq3	Target_323
GCUGAUUUCUUUUGGUGUUCAGAGUGGGGUGAGCUUUCUAGCACCAUCUGAAAUCGGUUA	R-Seq4	Target_324
GUGCAUUGUAGUUGCAUUGCAUGUUCUGGUGGUACCCAUCGAAUGUUUCCACAGUGCAUCAC	Pre-miR-33a	Target_325
GUGCAUUGUAGUUGCAUUGCAUGUUCUGGUAGUACCCAUCGAAUGUUUCCACAGUGCAUCAC	Pre-miR-33a-G31A	Target_326
GUGCAUUGUAGUUGCAUUGCAUGUUCUGGUGAUACCCAUCGAAUGUUUCCACAGUGCAUCAC	Pre-miR-33a-G32A	Target_327
UGCCUACUGAGCUGAAACACAGUUGGUUUGUGUACACUGGCUCAGUUCAGCAGGAACAG	Pre-miR-24-2	Target_328
UAGCUUAUCAGACUGAUGUUGACUGUUGAAUCUCAUGGCAACACCAGUCGAUGGGCUGU	Pre-miR-17/18a/20a	Target_331
