,id,sm_ligand,sm_smiles,sm_ligand_rna_chain,rna_sequence,target_pos
0,1aju,ARG_.:B/47:A,N[C@@H](CCCNC(N)=[NH2+])C(O)=O,1aju-A/A,GGCCAGAUUGAGCCUGGGAGCUCUCUGGCC,"[6, 7, 9, 10, 20, 21, 22]"
2,1am0,AMP_.:B/41:A,Nc1ncnc2n(cnc12)[C@@H]3O[C@H](CO[P](O)(O)=O)[C@@H](O)[C@H]3O,1am0-A/A,GGGAAGAAACUGUAGC,"[1, 2, 4, 5, 6, 11, 12, 14, 15]"
3,1arj,ARG_.:B/1:N,N[C@@H](CCCNC(N)=[NH2+])C(O)=O,1arj-A/N,GGCAGAUCUGAGCCUGGGAGCUCUCUGCC,"[5, 6, 9, 10, 11, 19, 20, 21, 22]"
4,1eht,TEP_.:B/34:A,CN1C(=O)N(C)c2nc[nH]c2C1=O,1eht-A/A,GGCGAUACCAGCCGAAAGGCCCUUGGCAGCGUC,"[5, 6, 7, 21, 22, 23, 25, 27]"
5,1ei2,NMY_.:B/26:A,NC[C@H]1O[C@H](O[C@@H]2[C@@H](N)C[C@@H](N)[C@H](O)[C@H]2O[C@@H]3O[C@H](CO)[C@@H](O[C@H]4O[C@@H](CN)[C@@H](O)[C@H](O)[C@H]4N)[C@H]3O)[C@H](N)[C@@H](O)[C@@H]1O,1ei2-A/A,GGCAGUGUGAGUACCUUCACACGUC,"[4, 5, 6, 7, 12, 13, 14, 15, 16, 17, 18, 19, 20]"
6,1evv,SPM_.:L/501:A,NCCCNCCCCNCCCN,1evv-A/A,GCGGAUUUACUCAGGGGAGAGCCCAGAUAAAUGGAGUCUGUGCGUCCACAGAAUUCGCACCA,"[39, 40, 41, 43, 46]"
7,1f1t,ROS_.:J/101:A,CN(C)c1ccc2c(OC3=CC(C=CC3=C2c4ccccc4)=[N+](C)C)c1,1f1t-A/A,GGACCCGACGGCGAGAGCCAGGAACGAAGGACC,"[5, 6, 21, 24, 25, 26, 27]"
8,1f27,BTN_.:H/33:A,OC(=O)CCCC[C@@H]1SC[C@@H]2NC(=O)N[C@H]12,1f27-A/A,ACCGUCAGAGGACACGGUU,"[3, 4, 5, 13, 14]"
9,1fmn,FMN_.:B/36:A,Cc1cc2N=C3C(=O)NC(=O)N=C3N(C[C@H](O)[C@H](O)[C@H](O)CO[P](O)(O)=O)c2cc1C,1fmn-A/A,GGCGUGUAGGAUAUGCUUCGGCAGAAGGACACGCC,"[8, 9, 11, 24, 25, 26]"
10,1fuf,SPM_.:D/98:B,NCCCNCCCCNCCCN,1fuf-B/B,GGUAUUUCGGUAC,"[3, 4, 5, 7, 8, 9, 10]"
11,1fyp,PAR_.:B/28:A,NC[C@@H]1O[C@H](O[C@H]2[C@@H](O)[C@@H](O[C@@H]2CO)O[C@@H]3[C@@H](O)[C@H](N)C[C@H](N)[C@H]3O[C@H]4O[C@H](CO)[C@@H](O)[C@H](O)[C@H]4N)[C@H](N)[C@@H](O)[C@@H]1O,1fyp-A/A,GGCGUCGCACCUUCGGGUGAAGUCGCC,"[0, 1, 2, 3, 4, 5, 6, 7, 8, 16, 17, 18, 19, 20, 21, 22, 23]"
17,1i9v,NMY_.:B/200:A,NC[C@H]1O[C@H](O[C@@H]2[C@@H](N)C[C@@H](N)[C@H](O)[C@H]2O[C@@H]3O[C@H](CO)[C@@H](O[C@H]4O[C@@H](CN)[C@@H](O)[C@H](O)[C@H]4N)[C@H]3O)[C@H](N)[C@@H](O)[C@@H]1O,1i9v-A/A,GCGGAUUUAGCUCAGUUGGGAGAGCGCCAGACUGAAAUCUGGAGGUCCUGUGUCGAUCCACAGAAUUCGCACCA,"[41, 42, 43, 19, 20, 22]"
21,1j7t,PAR_.:C/45:A,NC[C@@H]1O[C@H](O[C@H]2[C@@H](O)[C@@H](O[C@@H]2CO)O[C@@H]3[C@@H](O)[C@H](N)C[C@H](N)[C@H]3O[C@H]4O[C@H](CO)[C@@H](O)[C@H](O)[C@H]4N)[C@H](N)[C@@H](O)[C@@H]1O,1j7t-B/B,GCGUCACACCGGUGAAGUCGC,"[11, 12, 13, 14, 15, 16, 17, 18]"
23,1j8g,SPM_.:E/62:A,NCCCNCCCCNCCCN,1j8g-A/A,UGGGGU,"[1, 2]"
29,1koc,ARG_.:C/1:B,N[C@@H](CCCNC(N)=[NH2+])C(O)=O,1koc-B/B,ACAGGUAGGUCGCU,"[8, 3, 4, 6]"
30,1kod,CIR_.:C/1:B,N[C@@H](CCCNC(N)=O)C(O)=O,1kod-B/B,ACGGUUAGGUCGCU,"[2, 3, 4, 6, 8]"
31,1lc4,TOY_.:C/47:A,NC[C@H]1O[C@H](O[C@@H]2[C@@H](N)C[C@@H](N)[C@H](O[C@H]3O[C@H](CO)[C@@H](O)[C@H](N)[C@H]3O)[C@H]2O)[C@H](N)C[C@@H]1O,1lc4-B/B,GCGUCACACCGGUGAAGUCGC,"[13, 14, 15, 16, 17, 18]"
33,1lvj,PMZ_.:B/47:A,CN(C)CCCN1c2ccccc2Sc3ccc(cc13)C(C)=O,1lvj-A/A,GGCCAGAUCUGAGCCUGGGAGCUCUCUGGCC,"[6, 7, 8, 9, 10, 23, 24, 25]"
40,1nta,SRY_.:F/26:A,CN[C@H]1[C@H](O)[C@@H](O)[C@H](CO)O[C@H]1O[C@H]2[C@@H](O[C@@H](C)[C@]2(O)C=O)O[C@H]3[C@H](O)[C@@H](O)[C@H](NC(N)=N)[C@@H](O)[C@@H]3NC(N)=N,1nta-A/A,GGAUCGCAUUUGGACUUCUGCC,"[7, 10, 11, 14, 15, 16]"
44,1q8n,MGR_.:B/39:A,CN(C)c1ccc(cc1)C(c2ccccc2)=C3C=CC(C=C3)=[N+](C)C,1q8n-A/A,GGAUCCCGACUGGCGAGAGCCAGGUAACGAAUGGAUCC,"[6, 7, 23, 24, 27, 28, 29, 30]"
45,1raw,AMP_.:B/37:A,Nc1ncnc2n(cnc12)[C@@H]3O[C@H](CO[P](O)(O)=O)[C@@H](O)[C@H]3O,1raw-A/A,GGGAAGGGAAGAAACUGCGGCUUCGGCCGGCUUCCC,"[6, 7, 9, 10, 11, 15, 16, 17, 18, 28, 29]"
48,1uts,P13_.:B/1046:B,NCCCOc1ccc(cc1CNCCN2CCNCC2)c3ccc4[nH]ccc4c3,1uts-A/B,GGCAGAUCUGAGCCUGGGAGCUCUCUGCC,"[5, 6, 9, 22, 23]"
49,1uud,P14_.:B/1046:B,COc1ccc(OCCNC(N)=[NH2+])c(CNCCCCNC(N)=[NH2+])c1,1uud-A/B,GGCAGAUCUGAGCCUGGGAGCUCUCUGCC,"[5, 6, 8, 9, 10, 11, 12, 18, 19, 20, 21, 22, 23]"
50,1uui,P12_.:B/1046:B,COc1ccc(OCCC[NH3+])c(C[NH+]2CCN(CC2)C(N)=N)c1,1uui-A/B,GGCAGAUCUGAGCCUGGGAGCUCUCUGCC,"[5, 6, 9, 10, 11, 19, 20, 21, 22]"
55,1xpf,SPM_.:H/108:A,NCCCNCCCCNCCCN,1xpf-A/A,CUUGCUGAGGUGCACACAGCAAG,"[8, 9, 10, 14]"
58,1yls,DAI_.:E/100:A,CCCCCN1C(=O)[C@H]2C3c4ccccc4C(CO)([C@H]2C1=O)c5ccccc35,1yls-A/A,GGAGCCGCC,"[1, 2]"
59,1yrj,AM2_.:C/151:A,CN[C@H]1[C@@H](O)[C@H]2O[C@H](O[C@@H]3[C@@H](N)C[C@@H](N)[C@H](O)[C@H]3O)[C@H](N)C[C@@H]2O[C@@H]1O[C@H]4O[C@H](CO)[C@@H](N)[C@H](O)[C@H]4O,1yrj-B/B,UGCGUCACACCGGUGAAGUCGC,"[14, 15, 16, 17, 18, 19, 20]"
62,1zz5,CNY_.:F/42:A,NC[C@@H]1O[C@H](O[C@H]2[C@@H](O)[C@H]3O[C@@H]2CN[C@@H]4[C@@H](O)[C@H](O)[C@@H](CN)O[C@@H]4O[C@@H]5[C@@H](N)C[C@@H](N)[C@H](O)[C@H]5O3)[C@H](N)[C@@H](O)[C@@H]1O,1zz5-A/A,GUGGUGAAGUCGCGG,"[4, 5, 6, 7, 8, 9, 10, 12, 13, 14]"
64,2a04,NMY_.:E/17:A,NC[C@H]1O[C@H](O[C@@H]2[C@@H](N)C[C@@H](N)[C@H](O)[C@H]2O[C@@H]3O[C@H](CO)[C@@H](O[C@H]4O[C@@H](CN)[C@@H](O)[C@H](O)[C@H]4N)[C@H]3O)[C@H](N)[C@@H](O)[C@@H]1O,2a04-A/A,GUGGUGAAGUCGCGG,"[4, 5, 6, 7, 8, 9, 10, 12, 13, 14]"
68,2au4,GTP_.:B/42:A,NC1=Nc2n(cnc2C(=O)N1)[C@@H]3O[C@H](CO[P](O)(=O)O[P](O)(=O)O[P](O)(O)=O)[C@@H](O)[C@H]3O,2au4-A/A,GGGACGAAGUGGUUGGGCGCUUCGGCGUGUGAAAACGUCCC,"[7, 8, 9, 10, 14, 15, 24, 25, 27, 28, 30, 31]"
69,2be0,JS5_.:C/50:A,NC[C@@H]1O[C@H](O[C@@H]2[C@@H](CO)O[C@@H](O[C@@H]3[C@@H](O)[C@H](N)C[C@H](N)[C@H]3O[C@H]4O[C@H](CO)[C@@H](O)[C@H](O)[C@H]4N)[C@@H]2OCCNC[C@@H]5CCCNC5)[C@H](N)[C@@H](O)[C@@H]1O,2be0-B/B,GCGUCACACCGGUGAAGUCGC,"[11, 12, 13, 14, 15, 16, 17, 18]"
71,2bee,JS4_.:C/50:A,NCCCNCCO[C@H]1[C@@H](O[C@H](CO)[C@H]1O[C@H]2O[C@@H](CN)[C@@H](O)[C@H](O)[C@H]2N)O[C@@H]3[C@@H](O)[C@H](N)C[C@H](N)[C@H]3O[C@H]4O[C@H](CO)[C@@H](O)[C@H](O)[C@H]4N,2bee-B/B,GCGUCACACCGGUGAAGUCGC,"[11, 12, 13, 14, 15, 16, 17, 18]"
73,2cky,TPP_.:I/1084:A,Cc1ncc(C[n+]2csc(CCO[P@@](O)(=O)O[P](O)(O)=O)c2C)c(N)n1,2cky-A/A,GGGACCAGGGGUGCUUGUUCACAGGCUGAGAAAGUCCCUUUGAACCUGAACAGGGUAAUGCCUGCGCAGGGAGUGUC,"[64, 65, 59, 10, 11, 44, 45, 62, 26, 27, 60, 29, 30, 63]"
75,2esi,KAN_.:D/50:A,NC[C@H]1O[C@H](O[C@@H]2[C@@H](N)C[C@@H](N)[C@H](O[C@H]3O[C@H](CO)[C@@H](O)[C@H](N)[C@H]3O)[C@H]2O)[C@H](O)[C@@H](O)[C@@H]1O,2esi-A/A,UUGCGUCACACCGGUGAAGUCGC,"[0, 1, 3, 4, 5, 6, 7, 8, 15, 16, 17, 18, 19, 20]"
76,2esj,LIV_.:C/50:A,NC[C@@H]1O[C@H](O[C@H]2[C@@H](O)[C@@H](O[C@@H]2CO)O[C@@H]3[C@@H](O)[C@H](N)C[C@H](N)[C@H]3O[C@H]4O[C@H](CO)[C@@H](O)C[C@H]4N)[C@H](N)[C@@H](O)[C@@H]1O[C@H]5O[C@H](CO)[C@@H](O)[C@H](O)[C@@H]5O,2esj-A/A,GCGUCACACCGGUGAAGUCGC,"[12, 13, 14, 15, 16, 17, 18]"
78,2et3,LLL_.:C/50:A,CN[C@@H]1[C@@H](O)[C@H](OC[C@]1(C)O)O[C@H]2[C@H](N)C[C@H](N)[C@@H](O[C@H]3O[C@H](CN)CC[C@H]3N)[C@@H]2O,2et3-B/B,GCGUCACACCGGUGAAGUCGC,"[13, 14, 15, 16, 17]"
80,2et4,NMY_.:C/50:A,NC[C@H]1O[C@H](O[C@@H]2[C@@H](N)C[C@@H](N)[C@H](O)[C@H]2O[C@@H]3O[C@H](CO)[C@@H](O[C@H]4O[C@@H](CN)[C@@H](O)[C@H](O)[C@H]4N)[C@H]3O)[C@H](N)[C@@H](O)[C@@H]1O,2et4-B/B,GCGUCACACCGGUGAAGUCGC,"[12, 13, 14, 15, 16, 17]"
82,2et8,XXX_.:C/51:B,NC[C@H]1O[C@H](O[C@@H]2[C@@H](N)C[C@@H](N)[C@H](O)[C@H]2O)[C@H](N)[C@@H](O)[C@@H]1O,2et8-B/B,GCGUCACACCGGUGAAGUCGC,"[13, 14, 15, 16, 17, 18]"
84,2f4u,AB6_.:C/41:B,NCCCNCCO[C@@H]1[C@@H](O)[C@H](O[C@H]2O[C@H](CO)[C@@H](O)[C@H](O)[C@H]2N)[C@@H](N)C[C@H]1NC(=O)[C@H](O)CCN,2f4u-B/B,GCGUCACACCGGUGAAGUCGC,"[13, 14, 15, 16, 17, 18, 19, 20]"
87,2g5k,AM2_.:C/102:A,CN[C@H]1[C@@H](O)[C@H]2O[C@H](O[C@@H]3[C@@H](N)C[C@@H](N)[C@H](O)[C@H]3O)[C@H](N)C[C@@H]2O[C@@H]1O[C@H]4O[C@H](CO)[C@@H](N)[C@H](O)[C@H]4O,2g5k-B/B,UGCGUCGCUCCGGAAAAGUCGC,"[2, 3, 4, 5, 6]"
89,2gdi,TPP_.:K/100:X,Cc1ncc(C[n+]2csc(CCO[P@@](O)(=O)O[P](O)(O)=O)c2C)c(N)n1,2gdi-A/X,GACUCGGGGUGCCCUUCUGCGUGAAGGCUGAGAAAUACCCGUAUCACCUGAUCUGGAUAAUGCCAGCGUAGGGAAGUU,"[32, 66, 67, 8, 9, 46, 47, 49, 63, 61, 28, 29, 62, 31]"
91,2gis,SAM_.:H/301:A,C[S@@+](CC[C@H](N)C([O-])=O)C[C@H]1O[C@H]([C@H](O)[C@@H]1O)n2cnc3c(N)ncnc23,2gis-A/A,GGCUUAUCAAGAGAGGUGGAGGGACUGGCCCGAUGAAACCCGGCAACCAGAAAUGGUGCCAAUUCCUGCAGCGGAAACGUUGAAAGAUGAGCCA,"[5, 6, 7, 10, 11, 44, 45, 46, 86, 87, 56, 57, 58, 88]"
93,2ho7,G6P_.:C/401:A,O[C@H]1O[C@H](CO[P](O)(O)=O)[C@@H](O)[C@H](O)[C@H]1O,2ho7-A/A,AGCGCCUGGACUUAAAGCCAU,"[1, 2]"
94,2hoj,TPP_.:P/114:A,Cc1ncc(C[n+]2csc(CCO[P@@](O)(=O)O[P](O)(O)=O)c2C)c(N)n1,2hoj-A/A,GCGACUCGGGGUGCCCUCGUGAAGGCUGAGAAAUACCCGUAUCACCUGAUCUGGAUAAUGCCAGCGUAGGGAAGUCGC,"[64, 65, 59, 10, 11, 44, 45, 47, 26, 27, 60, 29, 30, 63]"
95,2hol,TPP_.:P/105:A,Cc1ncc(C[n+]2csc(CCO[P@@](O)(=O)O[P](O)(O)=O)c2C)c(N)n1,2hol-A/A,GCGACUCGGGGUGCCCUCGUGAAGGCUGAGAAAUACCCGUAUCACCUGAUCUGGAUAAUGCCAGCGUAGGGAAGUCGCA,"[64, 65, 59, 10, 11, 44, 45, 26, 27, 60, 29, 30]"
96,2hom,TPS_.:H/97:A,Cc1ncc(C[n+]2csc(CCO[P](O)(O)=O)c2C)c(N)n1,2hom-A/A,GCGACUCGGGGUGCCCUGCGUGAAGGCUGAGAAAUACCCGUAUCACCUGAUCUGGAUAAUGCCAGCGUAGGGAAGUCGCA,"[65, 66, 10, 11, 45, 46, 60, 27, 28, 61, 30, 31]"
97,2hoo,BFT_.:I/95:A,C[C@@H]([C@@H](CCO[P](O)(O)=O)SC(=O)c1ccccc1)N(Cc2cnc(C)nc2N)C=O,2hoo-A/A,GCGACUCGGGGUGCCCUUCUGCGUGAAGGCUGAGAAAUACCCGUAUCACCUGAUCUGGAUAAUGCCAGCGUAGGGAAGUCGCA,"[64, 33, 34, 68, 69, 10, 11, 48, 49, 63, 31]"
98,2hop,218_.:F/92:A,Cc1ncc(C[n+]2cccc(CCO)c2C)c(N)n1,2hop-A/A,GCGACUCGGGGUGCCCGCGUGAAGGCUGAGAAAUACCCGUAUCACCUGACUGGAUAAUGCCAGCAGGGAAGUCGCA,"[59, 10, 11, 44, 45, 26, 27, 29, 30]"
99,2juk,G0B_.:B/23:A,NC(=[NH2+])NC[C@@H]1O[C@H](O[C@H]2[C@H](O)[C@@H](O[C@@H]2CO)O[C@@H]3[C@@H](O)[C@@H](C[C@H](NC(N)=[NH2+])[C@@H]3O[C@H]4O[C@@H](CNC(N)=[NH2+])[C@H](O)[C@@H](O)[C@@H]4NC(N)=[NH2+])NC(N)=[NH2+])[C@@H](NC(N)=[NH2+])[C@H](O)[C@H]1O,2juk-A/A,GGCCUUCCCACAAGGGAAGGCC,"[3, 4, 5, 6, 7, 8, 9, 10, 13, 14, 15, 16]"
100,2kd4,PRL_.:C/17:A,Nc1ccc2cc3ccc(N)cc3nc2c1,2kd4-A/A,GCCGCGGC,"[2, 3]"
102,2kgp,MIX_.:B/26:A,OCCNCCNc1ccc(NCCNCCO)c2C(=O)c3c(O)ccc(O)c3C(=O)c12,2kgp-A/A,GGCAGUGUGAGUACCUUCACACGUC,"[2, 3, 4, 20, 21, 22, 23]"
103,2ktz,ISH_.:B/39:A,CN(C)CCCn1c(N)nc2ccc3O[C@@H](CN(C)C)Cc3c12,2ktz-A/A,GGAGGAACUACUGUCUUCCUUCGGGUCGUGCAGCCUCC,"[32, 33, 3, 4, 5, 6, 8, 9, 10, 31]"
104,2ku0,ISI_.:B/39:A,CN(C)CCCn1c(N)nc2ccc3O[C@H](CN(C)C)Cc3c12,2ku0-A/A,GGAGGAACUACUGUCUUCCUUCGGGUCGUGCAGCCUCC,"[32, 33, 3, 4, 5, 6, 9, 10, 31]"
105,2kx8,ARG_.:B/392:A,N[C@@H](CCCNC(N)=[NH2+])C(O)=O,2kx8-A/A,GGGAAAUGAGGCGCUGCAUGUGGCAGUCUGCCUUUCUUUCCC,"[9, 10, 11, 12, 26, 27, 29, 30]"
106,2kxm,RIO_.:B/101:A,NC[C@H]1O[C@H](O[C@@H]2[C@@H](N)C[C@@H](N)[C@H](O)[C@H]2O[C@@H]3O[C@H](CO)[C@@H](O)[C@H]3O)[C@H](N)[C@@H](O)[C@@H]1O,2kxm-A/A,GGCUGCUUGUCCUUUAAUGGUCCAGUC,"[3, 4, 7, 8, 9, 10, 11, 16, 17, 18, 19, 20, 21, 22, 23]"
107,2l1v,PRF_.:B/37:A,NCc1c[nH]c2N=C(N)NC(=O)c12,2l1v-A/A,GGAGAGGUUCUAGUUAUACCCUCUAUAAAAAACUAA,"[32, 6, 7, 12, 13, 17, 18, 19, 29, 30, 31]"
108,2l94,L94_.:B/46:A,C[NH+](C)CCC[NH+]=C(N)c1ccc(cc1)C(N)=[NH+]CCC[NH+](C)C,2l94-A/A,GGGAAGAUCUGGCCUUCCCACAAGGGAAGGCCAGGGAAUCUUCCC,"[32, 33, 8, 9, 10, 13, 14, 15, 16, 25, 26, 27, 30, 31]"
109,2lwk,0EC_.:B/101:A,COc1cc2nc(nc(N)c2cc1OC)N3CCNCC3,2lwk-A/A,GAGUAGAAACAAGGCUUCGGCCUGCUUUUGCU,"[7, 8, 9, 10, 11, 12, 20, 21, 22, 23, 24]"
110,2m4q,AM2_.:B/101:1,CN[C@H]1[C@@H](O)[C@H]2O[C@H](O[C@@H]3[C@@H](N)C[C@@H](N)[C@H](O)[C@H]3O)[C@H](N)C[C@@H]2O[C@@H]1O[C@H]4O[C@H](CO)[C@@H](N)[C@H](O)[C@H]4O,2m4q-A/1,GGCGUCACACCUUCGGGUGAAGUCGCC,"[4, 5, 6, 18, 19, 20, 21, 22, 23]"
111,2miy,PRF_.:B/101:A,NCc1c[nH]c2N=C(N)NC(=O)c12,2miy-A/A,GCUUGGUGCUUAGCUUCUUUCACCAAGCAUAUUACACGCGGAUAACCGCCAAAGGAGAA,"[7, 8, 9, 50, 19, 20, 51]"
112,2mxs,PAR_.:B/101:A,NC[C@@H]1O[C@H](O[C@H]2[C@@H](O)[C@@H](O[C@@H]2CO)O[C@@H]3[C@@H](O)[C@H](N)C[C@H](N)[C@H]3O[C@H]4O[C@H](CO)[C@@H](O)[C@H](O)[C@H]4N)[C@H](N)[C@@H](O)[C@@H]1O,2mxs-A/A,GGCUGCUUGUCCUUUAAUGGUCCAGUC,"[3, 4, 5, 8, 9, 10, 11, 16, 17, 18, 19, 20, 21, 22]"
114,2o3w,PAR_.:C/101:B,NC[C@@H]1O[C@H](O[C@H]2[C@@H](O)[C@@H](O[C@@H]2CO)O[C@@H]3[C@@H](O)[C@H](N)C[C@H](N)[C@H]3O[C@H]4O[C@H](CO)[C@@H](O)[C@H](O)[C@H]4N)[C@H](N)[C@@H](O)[C@@H]1O,2o3w-B/B,GCGUCGCUCCGGAAAAGUCGC,"[7, 8, 10, 11, 12, 13]"
115,2o3x,N30_.:C/1:B,NC[C@H]1O[C@@H](O[C@@H]2[C@@H](O)[C@H](N)C[C@H](N)[C@H]2O[C@H]3O[C@H](CO)[C@@H](O)[C@H](O)[C@H]3N)[C@H](O)[C@@H]1O,2o3x-B/B,GCGUCACACCGGUGAAGUCGC,"[13, 14, 15, 16, 17, 18]"
116,2o3y,SPM_.:C/51:A,NCCCNCCCCNCCCN,2o3y-A/A,UGCGUCGCUCCGGAAAAGUCGC,"[10, 11, 12]"
122,2pwt,LHA_.:C/51:A,NCC[C@H](O)C(=O)N[C@@H]1C[C@H](N)[C@@H](O[C@H]2O[C@H](CO)[C@@H](O)[C@H](O)[C@H]2N)[C@H](O[C@@H]3O[C@H](CO)[C@@H](O[C@H]4O[C@@H](CN)[C@@H](O)[C@H](O)[C@H]4N)[C@H]3OCCNCCc5ccccc5)[C@H]1O,2pwt-B/B,GCGUCACACCGGUGAAGUCGC,"[10, 11, 12, 13, 14, 15, 16, 17, 18, 19, 20]"
125,2qwy,SAM_.:H/100:A,C[S@@+](CC[C@H](N)C([O-])=O)C[C@H]1O[C@H]([C@H](O)[C@@H]1O)n2cnc3c(N)ncnc23,2qwy-A/A,GCGCGGCGAUUUAACCGUAUUGCAGUCGCGUGAUAAAUGUAGCUAAAAAGGA,"[8, 9, 10, 11, 12, 43, 44, 45, 46, 17, 18, 19, 20, 21]"
128,2tra,SPM_.:B/76:A,NCCCNCCCCNCCCN,2tra-A/A,UCCGUGAUAGUUAAGGCAGAAUGGGCGCUGUCCGUGCCAGAUGGGGCAAUUCCCCGUCGCGGAGC,"[0, 4, 5, 6, 56, 57, 58]"
138,2ydh,SAM_.:G/1100:A,C[S@@+](CC[C@H](N)C([O-])=O)C[C@H]1O[C@H]([C@H](O)[C@@H]1O)n2cnc3c(N)ncnc23,2ydh-A/A,GGCUUAUCAAGAGAGGUUUAGGGACUGGCCCGACGAAACCCGGCAACCAGAAAUGGUGCCAAUUCCUGCAGCGGAAACGUUGAAAGAUGAGCCG,"[5, 6, 7, 9, 10, 44, 45, 46, 86, 87, 56, 57, 58, 88]"
139,2ygh,SAM_.:B/1096:A,C[S@@+](CC[C@H](N)C([O-])=O)C[C@H]1O[C@H]([C@H](O)[C@@H]1O)n2cnc3c(N)ncnc23,2ygh-A/A,GGCUUAUCAAGAGAGGUGAAGGGACUGGCCCGACGAAACCCGGCAACCAGAAAUGGUGCCAAUUCCUGCAGCGGAAACGUUGAAAGAUGAGCCGA,"[5, 6, 7, 9, 10, 11, 44, 45, 46, 86, 87, 56, 57, 58, 88]"
140,3b4b,GLP_.:C/201:A,N[C@H]1[C@@H](O)O[C@H](CO[P](O)(O)=O)[C@@H](O)[C@@H]1O,3b4b-A/A,GCGCCUGGACUUAAAGCCAU,"[0, 1]"
141,3bnq,PAR_.:I/101:C,NC[C@@H]1O[C@H](O[C@H]2[C@@H](O)[C@@H](O[C@@H]2CO)O[C@@H]3[C@@H](O)[C@H](N)C[C@H](N)[C@H]3O[C@H]4O[C@H](CO)[C@@H](O)[C@H](O)[C@H]4N)[C@H](N)[C@@H](O)[C@@H]1O,3bnq-C/C,UUGCGUCACCCGAGCAAGUCGC,"[17, 18, 19, 20]"
146,3d2v,PYI_.:I/84:A,Cc1ncc(C[n+]2cccc(CCO[P@](O)(=O)O[P](O)(O)=O)c2C)c(N)n1,3d2v-A/A,GGGACCAGGGGUGCUUGUUCACAGGCUGAGAAAGUCCCUUUGAACCUGAACAGGGUAAUGCCUGCGCAGGGAGUGUC,"[64, 65, 59, 10, 11, 42, 44, 45, 47, 26, 27, 60, 29, 30]"
148,3d2x,D2X_.:J/85:A,Cc1ncc(C[n+]2csc(CCO[P@](O)(=O)O[P](O)(O)=O)c2C)c(O)n1,3d2x-A/A,GGGACCAGGGGUGCUUGUUCACAGGCUGAGAAAGUCCCUUUGAACCUGAACAGGGUAAUGCCUGCGCAGGGAGUGUC,"[64, 65, 59, 10, 11, 42, 44, 45, 47, 26, 27, 60, 29, 30]"
150,3dig,SLZ_.:Q/175:X,NCCSC[C@H](N)C(O)=O,3dig-A/X,GGCCGACGGAGGCGCGCCCGAGAUGAGUAGGCUGUCCCAUCAGGGGAGGAAUCGGGGACGGCUGAAAGGCGAGGGCGCCGAAGGGUGCAGAGUUCCUCCCGCUCUGCAUGCCUGGGGGUAUGGGGAAUACCCAUACCACUGUCACGGAGGUCUCUCCGUGGAGAGCCGUCGGU,"[162, 10, 11, 13, 78, 79, 80, 113, 114]"
151,3dil,1PE_.:LA/252:A,OCCOCCOCCOCCOCCO,3dil-A/A,GGCCGACGGAGGCGCGCCCGAGAUGAGUAGGCUGUCCCAUCAGGGGAGGAAUCGGGGACGGCUGAAAGGCGAGGGCGCCGAAGGGUGCAGAGUUCCUCCCGCUCUGCAUGCCUGGGGGUAUGGGGAAUACCCAUACCACUGUCACGGAGGUCUCUCCGUGGAGAGCCGUCGGU,"[160, 161, 5, 6, 140, 141, 142, 143, 158, 159]"
155,3diq,HRG_.:L/175:A,N[C@@H](CCCCNC(N)=N)C(O)=O,3diq-A/A,GGCCGACGGAGGCGCGCCCGAGAUGAGUAGGCUGUCCCAUCAGGGGAGGAAUCGGGGACGGCUGAAAGGCGAGGGCGCCGAAGGGUGCAGAGUUCCUCCCGCUCUGCAUGCCUGGGGGUAUGGGGAAUACCCAUACCACUGUCACGGAGGUCUCUCCGUGGAGAGCCGUCGGU,"[162, 10, 11, 13, 78, 79, 80, 113, 114]"
156,3dir,IEL_.:N/175:A,CC(=N)NCCCC[C@H](N)C(O)=O,3dir-A/A,GCCGACGGAGGCGCGCCCGAGAUGAGUAGGCUGUCCCAUCAGGGGAGGAAUCGGGGACGGCUGAAAGGCGAGGGCGCCGAAGGGUGCAGAGUUCCUCCCGCUCUGCAUGCCUGGGGGUAUGGGGAAUACCCAUACCACUGUCACGGAGGUCUCUCCGUGGAGAGCCGUCGGU,"[161, 162, 9, 10, 12, 77, 78, 79, 112, 113]"
158,3ds7,GNG_.:I/120:A,NC1=NC(=O)c2ncn([C@H]3C[C@H](O)[C@@H](CO)O3)c2N1,3ds7-A/A,GGACAUACAAUCGCGUGGAUAUGGCACGCAAGAUCCCGCCGGGCACCGUAAAUGUCCGACUAUGUCC,"[34, 35, 36, 37, 6, 7, 58, 59, 60, 61]"
160,3e5c,SAM_.:Q/216:A,C[S@@+](CC[C@H](N)C([O-])=O)C[C@H]1O[C@H]([C@H](O)[C@@H]1O)n2cnc3c(N)ncnc23,3e5c-A/A,UUCCCGAAAGGAUGGCGGAAACGCCAGAUGCCUUGUAACCGAAAGGGGGAAU,"[34, 35, 36, 5, 37, 45, 46, 27, 28, 29]"
161,3e5e,SAH_.:N/220:A,N[C@@H](CCSC[C@H]1O[C@H]([C@H](O)[C@@H]1O)n2cnc3c(N)ncnc23)C(O)=O,3e5e-A/A,UUCCCGAAAGGAUGGCGGAAACGCCAGAUGCCUUGUAACCGAAAGGGGGAAU,"[34, 35, 36, 5, 37, 38, 39, 45, 46, 27]"
162,3e5f,EEM_.:Q/216:A,C[Se@@+](CC[C@H](N)C(O)=O)C[C@H]1O[C@H]([C@H](O)[C@@H]1O)n2cnc3c(N)ncnc23,3e5f-A/A,UUCCCGAAAGGAUGGCGGAAACGCCAGAUGCCUUGUAACCGAAAGGGGGAAU,"[34, 35, 36, 5, 37, 45, 46, 27, 28, 29]"
163,3egz,CTC_.:D/601:B,CN(C)[C@H]1[C@@H]2C[C@H]3C(=C(O)[C@]2(O)C(=O)C(=C1O)C(N)=O)C(=O)c4c(O)ccc(Cl)c4[C@@]3(C)O,3egz-B/B,GAGGGAGAGGUGAAGAAUACGACCACCUAGGUACCAUUGCACUCCGGUACCUAAAACAUACCCUC,"[6, 13, 14, 17, 20, 21, 58, 59, 60]"
164,3f2q,FMN_.:B/200:X,Cc1cc2N=C3C(=O)NC(=O)N=C3N(C[C@H](O)[C@H](O)[C@H](O)CO[P](O)(O)=O)c2cc1C,3f2q-A/X,GAUCUUCGGGGCAGGGUGAAAUUCCCGACCGGUGGUAUAGUCCACGAAAGUAGCUUUGAUUUGGUGAAAUUCCAAAACCGACAGUAGAGUCUGGAUGAGAGAAGAUU,"[8, 9, 46, 47, 79, 80, 94, 56, 57, 93, 30, 31]"
170,3f4e,FMN_.:N/200:Y,Cc1cc2N=C3C(=O)NC(=O)N=C3N(C[C@H](O)[C@H](O)[C@H](O)CO[P](O)(O)=O)c2cc1C,3f4e-B/Y,GCUUUGAUUUGGUGAAAUUCCAAAACCGACAGUAGAGUCUGGAUGAGAGAAGAUUC,"[5, 41, 42, 27, 28]"
171,3fo4,6GU_.:B/91:A,Nc1nc(Cl)c2nc[nH]c2n1,3fo4-A/A,ACAUAUAAUCGCGUGGAUAUGGCACGCAAGUUUCUACCGGGCACCGUAAAUGUCCGAUUAUGU,"[33, 34, 35, 4, 5, 56, 57, 58, 30]"
172,3fo6,6GO_.:B/91:A,COc1nc(N)nc2nc[nH]c12,3fo6-A/A,GGACAUAUAAUCGCGUGGAUAUGGCACGCAAGUUUCUACCGGGCACCGUAAAUGUCCGACUAUGUCC,"[32, 35, 36, 37, 6, 7, 58, 59, 60]"
173,3fu2,PRF_.:D/101:A,NCc1c[nH]c2N=C(N)NC(=O)c12,3fu2-A/A,AGAGGUUCUAGCCACCCUCUAUAAAAAACUAA,"[4, 5, 10, 11, 13, 14, 15, 27, 28]"
174,3fu2,PRF_.:J/101:B,NCc1c[nH]c2N=C(N)NC(=O)c12,3fu2-B/B,AGAGGUUCUAGCACACCCUCUAUAAAAAACUAA,"[4, 5, 6, 10, 11, 15, 16, 28, 29]"
180,3g96,6MN_.:M/12:F,N[C@@H]1[C@@H](O)O[C@H](CO[P](O)(O)=O)[C@@H](O)[C@@H]1O,3g96-E/F,AGCGCCAGAACU,"[1, 2]"
181,3g9c,GLP_.:M/5001:E,N[C@H]1[C@@H](O)O[C@H](CO[P](O)(O)=O)[C@@H](O)[C@@H]1O,3g9c-B/E,GCGCCAGAACU,"[0, 1]"
182,3gca,PQ0_.:B/34:A,NC1=Nc2[nH]cc(C#N)c2C(=O)N1,3gca-A/A,CUGGGUCGCAGUAACCCCAGUUAACAAAACAAG,"[4, 5, 6, 10, 13, 14, 15, 27, 28, 29]"
183,3ger,6GU_.:B/91:A,Nc1nc(Cl)c2nc[nH]c2n1,3ger-A/A,GGACAUAUAAUCGCGUGGAUAUGGCACGCAAGUUUCUACCGGGCACCGUAAAUGUCCGACUAUGUCC,"[32, 35, 36, 37, 6, 7, 58, 59, 60]"
184,3ges,6GO_.:B/91:A,COc1nc(N)nc2nc[nH]c12,3ges-A/A,GGACAUAUAAUCGCGUGGAUAUGGCACGCAAGUUUCUACCGGGCACCGUAAAUGUCCGAUUAUGUCC,"[32, 35, 36, 37, 6, 7, 58, 59, 60]"
185,3gog,6GU_.:B/91:A,Nc1nc(Cl)c2nc[nH]c2n1,3gog-A/A,GACAUGUAAUCGCGUGGAUAUGGCACGCAAGUUUCUACCGGGCACCGUAAAUGUCCGACCAUGUC,"[34, 35, 36, 5, 6, 57, 58, 59, 31]"
186,3gx2,SFG_.:B/301:A,N[C@@H](CC[C@H](N)C(O)=O)C[C@H]1O[C@H]([C@H](O)[C@@H]1O)n2cnc3c(N)ncnc23,3gx2-A/A,GGCUUAUCAAGAGAGGUGGAGGGACUGGCCCGACGAAACCCGGCAACCAGAAAUGGUGCCAAUUCCUGCAGCGGAAACGUUGAAAGAUGAGCCG,"[5, 6, 7, 10, 11, 44, 45, 46, 86, 87, 56, 57, 58, 88]"
187,3gx3,SAH_.:B/301:A,N[C@@H](CCSC[C@H]1O[C@H]([C@H](O)[C@@H]1O)n2cnc3c(N)ncnc23)C(O)=O,3gx3-A/A,GGCUUAUCAAGAGAGGUGGAGGGACUGGCCCGACGAAACCCGGCAACCAGAAAUGGUGCCAAUUCCUGCAGCGGAAACGUUGAAAGAUGAGCCG,"[5, 6, 9, 10, 44, 45, 46, 86, 87, 56, 57, 58, 88]"
188,3gx5,SAM_.:B/301:A,C[S@@+](CC[C@H](N)C([O-])=O)C[C@H]1O[C@H]([C@H](O)[C@@H]1O)n2cnc3c(N)ncnc23,3gx5-A/A,GGCUUAUCAAGAGAGGUGGAGGGACUGGCCCGACGAAACCCGGCAACCAGAAAUGGUGCCAAUUCCUGCAGCGGAAACGUUGAAAGAUGAGCCG,"[5, 6, 7, 9, 10, 11, 44, 45, 46, 86, 87, 56, 57, 58, 88]"
190,3gx7,SAM_.:B/301:A,C[S@@+](CC[C@H](N)C([O-])=O)C[C@H]1O[C@H]([C@H](O)[C@@H]1O)n2cnc3c(N)ncnc23,3gx7-A/A,GGCUUCGCAAGAGAGGUGGAGGGACUGGCCCGACGAAACCCGGCAACCAGAAAUGGUGCCAAUUCCUGCAGCGGAAACGUUGAAAGCGGAGCCG,"[5, 6, 7, 9, 10, 43, 44, 45, 46, 87, 56, 57, 58, 88]"
192,3iqn,SAM_.:L/301:A,C[S@@+](CC[C@H](N)C([O-])=O)C[C@H]1O[C@H]([C@H](O)[C@@H]1O)n2cnc3c(N)ncnc23,3iqn-A/A,GGCUUAUCAAGAGAGGUGGAGGGACUGGCCCGAUGAAACCCGGCAGCCAGAAAUGGUGCCAAUUCCUGCAGCGGAAACGUUGAAAGAUGAGCCG,"[5, 6, 7, 9, 10, 11, 44, 45, 46, 86, 87, 56, 57, 58, 88]"
193,3iqr,SAM_.:K/301:A,C[S@@+](CC[C@H](N)C([O-])=O)C[C@H]1O[C@H]([C@H](O)[C@@H]1O)n2cnc3c(N)ncnc23,3iqr-A/A,GGCUUAUCAAGAGAGGUGGAGGGACUGGCCCGAUGAAACCCGGCAACCAGAAAUGGUGCCAAUUCCUGCAGCGGAAACGUUGAAAGAUGAGCCG,"[5, 6, 7, 9, 10, 11, 44, 45, 46, 86, 87, 56, 57, 58, 88]"
194,3irw,C2E_.:C/1:R,NC1=Nc2n(cnc2C(=O)N1)[C@@H]3O[C@@H]4CO[P](O)(=O)O[C@H]5[C@@H](O)[C@@H](O[C@@H]5CO[P](O)(=O)O[C@H]4[C@H]3O)n6cnc7C(=O)NC(=Nc67)N,3irw-B/R,GUCACGCACAGGGCAAACCAUUCGAAAGAGUGGGACGCAAAGCCUCCGGCCUAAACCAUUGCACUCCGGUAGGUAGCGGGGUUACCGAUG,"[5, 37, 7, 8, 9, 10, 11, 12, 38, 39, 40, 41, 84, 85]"
195,3iwn,C2E_.:E/501:A,NC1=Nc2n(cnc2C(=O)N1)[C@@H]3O[C@@H]4CO[P](O)(=O)O[C@H]5[C@@H](O)[C@@H](O[C@@H]5CO[P](O)(=O)O[C@H]4[C@H]3O)n6cnc7C(=O)NC(=Nc67)N,3iwn-A/A,CACGCACAGGGCAAACCAUUCGAAAGAGUGGGACGCAAAGCCUCCGGCCUAAACGGCAUUGCACUCCGCCGUAGGUAGCGGGGUUACCGAUGG,"[3, 4, 5, 6, 7, 8, 9, 10, 35, 36, 37, 38, 39, 86, 87]"
198,3k0j,TPP_.:G/601:E,Cc1ncc(C[n+]2csc(CCO[P@@](O)(=O)O[P](O)(O)=O)c2C)c(N)n1,3k0j-E/E,GCGACUCGGGGUGCCCUCCAUUGCACUCCGGAGGCUGAGAAAUACCCGUAUCACCUGAUCUGGAUAAUGCCAGCGUAGGGAAGUCGC,"[35, 36, 68, 38, 39, 69, 71, 10, 11, 72, 73, 74, 53, 56]"
200,3k1v,PRF_.:B/301:A,NCc1c[nH]c2N=C(N)NC(=O)c12,3k1v-A/A,AGAGGUUCUAGCCCCUCUAUAAAAAACUAA,"[4, 5, 10, 11, 12, 13, 25, 26]"
201,3mij,R14_.:D/30:A,CCN(CC)CCC(=O)Nc1cccc(c1)c2cn(nn2)c3ccc4cc5ccc(cc5nc4c3)n6cc(nn6)c7cccc(NC(=O)CCN(CC)CC)c7,3mij-A/A,UAGGGUUAGGGU,"[0, 1, 2, 7, 8]"
202,3mum,C2E_.:C/1:R,NC1=Nc2n(cnc2C(=O)N1)[C@@H]3O[C@@H]4CO[P](O)(=O)O[C@H]5[C@@H](O)[C@@H](O[C@@H]5CO[P](O)(=O)O[C@H]4[C@H]3O)n6cnc7C(=O)NC(=Nc67)N,3mum-B/R,GUCACGCACAGAGCAAACCAUUCGAAAGAGUGGGACGCAAAGCCUCCGGCCUAAACCAUUGCACUCCGGUAGGUAGCGGGGUUACCGAUGG,"[5, 37, 7, 8, 9, 10, 11, 12, 38, 39, 40, 84, 85]"
203,3mur,C2E_.:C/1:R,NC1=Nc2n(cnc2C(=O)N1)[C@@H]3O[C@@H]4CO[P](O)(=O)O[C@H]5[C@@H](O)[C@@H](O[C@@H]5CO[P](O)(=O)O[C@H]4[C@H]3O)n6cnc7C(=O)NC(=Nc67)N,3mur-B/R,GUCACGCACAGGGCAAACCAUUCGAAAGAGUGGGACGCAAAGCCUCCGGCCUAAACCAUUGCACUCCGGUAGGUAGCGGGGUUAUCGAUGG,"[5, 37, 7, 8, 9, 10, 11, 12, 38, 39, 40, 84, 85]"
204,3mut,C2E_.:C/1:R,NC1=Nc2n(cnc2C(=O)N1)[C@@H]3O[C@@H]4CO[P](O)(=O)O[C@H]5[C@@H](O)[C@@H](O[C@@H]5CO[P](O)(=O)O[C@H]4[C@H]3O)n6cnc7C(=O)NC(=Nc67)N,3mut-B/R,GUCACGCACAGAGCAAACCAUUCGAAAGAGUGGGACGCAAAGCCUCCGGCCUAAACCAUUGCACUCCGGUAGGUAGCGGGGUUAUCGAUGG,"[5, 6, 7, 8, 9, 10, 11, 12, 37, 38, 39, 40, 84, 85]"
205,3muv,2BA_.:C/358:R,Nc1ncnc2n(cnc12)[C@@H]3O[C@@H]4CO[P@](O)(=O)O[C@H]5[C@@H](O)[C@@H](O[C@@H]5CO[P@](O)(=O)O[C@H]4[C@H]3O)n6cnc7c(N)ncnc67,3muv-B/R,GUCACGCACAGAGCAAACCAUUCGAAAGAGUGGGACGCAAAGCCUCCGGCCUAAACCAUUGCACUCCGGUAGGUAGCGGGGUUAUCGAUG,"[5, 37, 7, 8, 9, 38, 11, 12, 84, 85]"
206,3mxh,C2E_.:D/1:R,NC1=Nc2n(cnc2C(=O)N1)[C@@H]3O[C@@H]4CO[P](O)(=O)O[C@H]5[C@@H](O)[C@@H](O[C@@H]5CO[P](O)(=O)O[C@H]4[C@H]3O)n6cnc7C(=O)NC(=Nc67)N,3mxh-B/R,GUCACGCACAGGGCAAACCAUUCGAAAGAGUGGGACGCAAAGCCUCCGGCCUAAACCAUUGCACUCCGGUAGGUAGCGGGGUUACCGAUGG,"[5, 37, 7, 8, 9, 10, 11, 12, 38, 39, 40, 41, 84, 85]"
207,3npn,SAH_.:B/55:A,N[C@@H](CCSC[C@H]1O[C@H]([C@H](O)[C@@H]1O)n2cnc3c(N)ncnc23)C(O)=O,3npn-A/A,GGACGAGGAGCGUUGCAAGCGAAAGCCCAGGCUAGUCCGAACGGCGCUCA,"[42, 13, 14, 15, 28, 29, 30, 31]"
208,3npq,SAH_.:D/55:A,N[C@@H](CCSC[C@H]1O[C@H]([C@H](O)[C@@H]1O)n2cnc3c(N)ncnc23)C(O)=O,3npq-A/A,GGACGAGGAGCGCUGCAAGCGAGAGCCCAGGCUCGUCCGAAACGGCGCUCA,"[43, 13, 14, 15, 28, 29, 30, 31]"
209,3npq,SAH_.:J/55:B,N[C@@H](CCSC[C@H]1O[C@H]([C@H](O)[C@@H]1O)n2cnc3c(N)ncnc23)C(O)=O,3npq-B/B,GGACGAGGAGCGCUGCAAGCGAGAGCCCAGGCUCGUCCAACGGCGCUCA,"[41, 13, 14, 15, 28, 29, 30, 31]"
210,3npq,SAH_.:P/55:C,N[C@@H](CCSC[C@H]1O[C@H]([C@H](O)[C@@H]1O)n2cnc3c(N)ncnc23)C(O)=O,3npq-C/C,GGACGAGGAGCGCUGCAAGCGAGAGCCCAGGCUCGUCCAAACGGCGCUCA,"[42, 13, 14, 15, 28, 29, 30, 31]"
211,3q3z,C2E_.:C/1:V,NC1=Nc2n(cnc2C(=O)N1)[C@@H]3O[C@@H]4CO[P](O)(=O)O[C@H]5[C@@H](O)[C@@H](O[C@@H]5CO[P](O)(=O)O[C@H]4[C@H]3O)n6cnc7C(=O)NC(=Nc67)N,3q3z-A/V,CGCGGAAACAAUGAUGAAUGGGUUUAAAUUGGGCACUUGACUCAUUUUGAGUUAGUAGUGCAACCGACCGUGCU,"[64, 65, 66, 5, 6, 9, 10, 61, 52, 53, 29, 62, 63]"
215,3q50,PRF_.:B/34:A,NCc1c[nH]c2N=C(N)NC(=O)c12,3q50-A/A,CUGGGUCGCAGUAACCCCAGUUAACAAAACAAG,"[4, 5, 6, 10, 13, 14, 15, 27, 28, 29]"
216,3rkf,DX4_.:E/91:A,NC1=Nc2[nH]cnc2C(=S)N1,3rkf-A/A,GGCCAUAUAACUGCGUGGAUAUAGCACGCAGGUUUCUACCGGGCACUGUAAAUGUCCGACUAUGGUC,"[32, 35, 36, 37, 6, 7, 58, 59, 60]"
220,3s4p,JS6_.:C/50:A,NC[C@@H]1O[C@H](O[C@@H]2[C@@H](CO)O[C@@H](O[C@@H]3[C@@H](O)[C@H](N)C[C@H](N)[C@H]3O[C@H]4O[C@H](CO)[C@@H](O)[C@H](O)[C@H]4N)[C@@H]2OCCNCCc5ccccc5)[C@H](N)[C@@H](O)[C@@H]1O,3s4p-B/B,GCGUCACACCGGUGAAGUCGC,"[11, 12, 13, 14, 15, 16, 17, 18]"
222,3sd3,FFO_.:G/3631:A,NC1=NC2=C(N(C=O)[C@@H](CNc3ccc(cc3)C(=O)N[C@@H](CCC(O)=O)C(O)=O)CN2)C(=O)N1,3sd3-A/A,GGAGAGUAGAUGAUUCGCGUUAAGCGUGUGUGAAUGGGAUGUCGUCACACAACGAAGCGAGAGCGCGGUGAAUCAUUGCAUCCGCUCCA,"[34, 6, 7, 40, 41, 43, 77, 78, 79]"
223,3ski,GNG_.:C/120:A,NC1=NC(=O)c2ncn([C@H]3C[C@H](O)[C@@H](CO)O3)c2N1,3ski-A/A,GCCUUAUACAGGGUAGCAUAAUGGGCUACUGACCCCGCCUUCAAACCUAUUUGGAGACUAUAAGGU,"[32, 33, 34, 35, 36, 7, 8, 56, 57, 58, 59]"
224,3ski,GNG_.:M/120:B,NC1=NC(=O)c2ncn([C@H]3C[C@H](O)[C@@H](CO)O3)c2N1,3ski-B/B,GGCCUUAUACAGGGUAGCAUAAUGGGCUACUGACCCCGCCUUCAAACCUAUUUGGAGACUAUAAGGU,"[33, 34, 35, 36, 37, 8, 9, 57, 58, 59, 60]"
225,3skl,GNG_.:C/120:A,NC1=NC(=O)c2ncn([C@H]3C[C@H](O)[C@@H](CO)O3)c2N1,3skl-A/A,GCUUAUACAGGGUAGCAUAAUGGGCUACUGACCCCGCCUUCAAACCUAUUUGGAGACUAUAAGU,"[32, 33, 34, 35, 6, 7, 55, 56, 57, 58, 31]"
233,3skz,GMP_.:C/120:A,NC1=Nc2n(cnc2C(=O)N1)[C@@H]3O[C@H](CO)[C@@H](O)[C@H]3O,3skz-A/A,GCCUUAUACAGGGUAGCAUAAUGGGCUACUGACCCCGCCUUCAAACCUAUUUGGAGACUAUAAGGU,"[32, 34, 35, 36, 7, 8, 9, 56, 57, 58, 59, 31]"
235,3slm,DGP_.:C/120:A,NC1=Nc2n(cnc2C(=O)N1)[C@H]3C[C@H](O)[C@@H](CO[P](O)(O)=O)O3,3slm-A/A,GCCUUAUACAGGGUAGCAUAAUGGGCUACUGACCCCGCCUUCAAACCUAUUUGGAGACUAUAAGGU,"[32, 33, 34, 35, 36, 6, 7, 8, 57, 58, 59, 31]"
237,3slq,5GP_.:C/120:A,NC1=Nc2n(cnc2C(=O)N1)[C@@H]3O[C@H](CO[P](O)(O)=O)[C@@H](O)[C@H]3O,3slq-A/A,GCCUUAUACAGGGUAGCAUAAUGGGCUACUGACCCCGCCUUCAAACCUAUUUGGAGACUAUAAGGU,"[32, 34, 35, 36, 6, 7, 8, 9, 56, 57, 58, 59, 60, 31]"
239,3suh,FFO_.:D/103:X,NC1=NC2=C(N(C=O)[C@@H](CNc3ccc(cc3)C(=O)N[C@@H](CCC(O)=O)C(O)=O)CN2)C(=O)N1,3suh-A/X,GGACAGAGUAGGUAAACGUGCGUAAAGUGCCUGAGGGACGGGGAGUUGUCCUCAGGACGAACACCGAAAGGUGGCGGUACGUUUACCGCAUCUCGCUGUU,"[58, 76, 56, 57, 26, 27, 28]"
240,3sux,THF_.:C/103:X,NC1=NC(=O)C2=C(N1)N=C[C@H](CNc3ccc(cc3)C(=O)N[C@@H](CCC(O)=O)C(O)=O)N2CO,3sux-A/X,GGACAGAGUAGGUAAACGUGCGUAAAGUGCCUGAGGGACGGGGAGUUGUCCUCAGGACGAACACCGAAAGGUGGCGGUACGUUUACCGCAUCUCGCUGUU,"[76, 57, 58, 27, 28]"
243,3tzr,SS0_.:K/75:A,CN(C)CCCn1c(N)nc2ccc3OC[C@@H](CN(C)C)Cc3c12,3tzr-A/A,CGAGGAACUACUGUCUUCCC,"[4, 5, 8, 9, 10]"
244,3v7e,SAM_.:Q/913:C,C[S@@+](CC[C@H](N)C([O-])=O)C[C@H]1O[C@H]([C@H](O)[C@@H]1O)n2cnc3c(N)ncnc23,3v7e-C/C,GGCUUAUCAAGAGAGGUGGAGGGACUGGCCCGAUGAAACCCGGCAACCACUAGUCUAGCGUCAGCUUCGGCUGACGCUAGGCUAGUGGUGCCAAUUCCUGCAGCGGAAACGUUGAAAGAUGAGCCA,"[5, 6, 7, 9, 10, 44, 45, 46, 118, 119, 88, 89, 90, 120]"
246,3wru,SJP_.:C/101:A,NC[C@@H](F)[C@H](O)C(=O)N[C@@H]1C[C@H](N)[C@@H](O[C@H]2O[C@H](CN)CC[C@H]2N)[C@H](O[C@@H]3O[C@H](CO)[C@@H](O[C@H]4O[C@@H](CN)CC[C@H]4N)[C@H]3O)[C@H]1O,3wru-B/B,GCGUCACGCCGGCGAAGUCGC,"[12, 13, 14, 15, 16, 17, 18, 19, 20]"
248,4aob,SAM_.:W/1116:A,C[S@@+](CC[C@H](N)C([O-])=O)C[C@H]1O[C@H]([C@H](O)[C@@H]1O)n2cnc3c(N)ncnc23,4aob-A/A,GGCUUAUCAAGAGAGGGCAAGAGACUGGCUUGAUGACCCCCGGCAACCAAAAAUGGUGCCAAUUCCUGCAGAGGAAACGUUGAAAGAUGAGCCA,"[5, 6, 7, 9, 10, 44, 45, 46, 86, 87, 56, 57, 58, 88]"
252,4b5r,SAM_.:B/1095:A,C[S@@+](CC[C@H](N)C([O-])=O)C[C@H]1O[C@H]([C@H](O)[C@@H]1O)n2cnc3c(N)ncnc23,4b5r-A/A,GGCUUAUCAAGAGAGGGGGAGCGACUGGCGCGAAGAACCCCGGCAACCAGAAAUGGUGCCAAUUCCUGCAGCGGAAACGUUGAAAGAUGAGCCG,"[5, 6, 7, 9, 10, 44, 45, 46, 86, 87, 56, 57, 58, 88]"
308,4f8u,SIS_.:C/101:A,CN[C@@H]1[C@@H](O)[C@H](OC[C@]1(C)O)O[C@H]2[C@H](N)C[C@H](N)[C@@H](O[C@H]3OC(=CC[C@H]3N)CN)[C@@H]2O,4f8u-A/A,UGCGUCACACCGGUGAAGUCGC,"[2, 3, 4, 5, 6, 7]"
310,4f8v,SIS_.:C/101:A,CN[C@@H]1[C@@H](O)[C@H](OC[C@]1(C)O)O[C@H]2[C@H](N)C[C@H](N)[C@@H](O[C@H]3OC(=CC[C@H]3N)CN)[C@@H]2O,4f8v-B/B,GCGUCACACCGGUGAAGUCGC,"[1, 2, 3, 4, 5, 6]"
341,4gpx,6HS_.:C/101:A,CN[C@@H]1[C@@H](O)[C@H](OC[C@]1(C)O)O[C@H]2[C@H](N)C[C@H](N)[C@@H](O[C@H]3OC(=CC[C@H]3N)CO)[C@@H]2O,4gpx-B/B,GCGUCGCGCCGGCGAAGUCGC,"[1, 2, 3, 4, 5, 6]"
343,4jf2,PRF_.:B/101:A,NCc1c[nH]c2N=C(N)NC(=O)c12,4jf2-A/A,GAACCGCGAAAGCGGUUCCACGACGAUACUUAUUUCCUUUGAUCGUCGUUAUUACUGGCUUCGGCCACAAAGGAGA,"[68, 69, 39, 40, 28, 29]"
345,4k31,AM2_.:C/101:B,CN[C@H]1[C@@H](O)[C@H]2O[C@H](O[C@@H]3[C@@H](N)C[C@@H](N)[C@H](O)[C@H]3O)[C@H](N)C[C@@H]2O[C@@H]1O[C@H]4O[C@H](CO)[C@@H](N)[C@H](O)[C@H]4O,4k31-B/C,UGCGUCGUUCCGGAAAAGUCGC,"[2, 3, 4, 5, 6, 7, 8, 9, 10, 11]"
347,4k32,GET_.:C/101:A,CN[C@@H]1[C@@H](O)[C@H](OC[C@]1(C)O)O[C@H]2[C@H](N)C[C@H](N)[C@@H](O[C@H]3O[C@H]([C@@H](C)O)[C@@H](O)[C@H](O)[C@H]3N)[C@@H]2O,4k32-A/A,GCGUCGUUCCGGAAAAGUCGC,"[1, 2, 3, 4, 5, 6]"
352,4kqy,SAM_.:B/201:A,C[S@@+](CC[C@H](N)C([O-])=O)C[C@H]1O[C@H]([C@H](O)[C@@H]1O)n2cnc3c(N)ncnc23,4kqy-A/A,GUUCUUAUCAAGAGAAGCAGAGGGACUGGCCCGACGAAGCUUCAGCAACCGGUGUAAUGGCGAAAGCCAUGACCAAGGUGCUAAAUCCAGCAAGCUCGAACAGCUUGGAAGAUAAGAAC,"[6, 7, 8, 10, 11, 12, 46, 47, 48, 78, 79, 80, 111, 112, 113]"
353,4kzd,1TU_.:G/103:R,Cn1c(C)nc(Cc2cc(F)c(O)c(F)c2)c1O,4kzd-C/R,GACGCGACCGAAAUGGUGAAGGACGGGUCCAGUGCGAAACACGCACUGUUGAGUAGAGUGUGAGCUCCGUAACUGGUCGCGUC,"[48, 51, 52, 21, 56, 57, 26, 27]"
354,4l81,SAM_.:B/101:A,C[S@@+](CC[C@H](N)C([O-])=O)C[C@H]1O[C@H]([C@H](O)[C@@H]1O)n2cnc3c(N)ncnc23,4l81-A/A,GGAUCACGAGGGGGAGACCCCGGCAACCUGGGACGGACACCCAAGGUGCUCACACCGGAGACGGUGGAUCCGGCCCGAGAGGGCAACGAAGUCCGU,"[2, 3, 4, 68, 6, 7, 69, 46, 47, 48, 24, 25, 26]"
370,4lvv,FFO_.:B/101:A,NC1=NC2=C(N(C=O)[C@@H](CNc3ccc(cc3)C(=O)N[C@@H](CCC(O)=O)C(O)=O)CN2)C(=O)N1,4lvv-A/A,GGAGAGUAGAUGAUUCGCGUUAAGUGUGUGUGAAUGGGAUGUCGUCACACAACGAAGCGAGAGCGCGGUGAAUCAUUGCAUCCGCUCCA,"[34, 67, 6, 7, 40, 41, 43, 77, 78, 79, 52, 53, 23, 24, 25]"
372,4lvx,H4B_.:B/101:A,C[C@H](O)[C@H](O)[C@H]1CNC2=C(N1)C(=O)NC(=N2)N,4lvx-A/A,GGAGAGUAGAUGAUUCGCGUUAAGUGUGUGUGAAUGGGAUGUCGUCACACAACGAAGCGAGAGCGCGGUGAAUCAUUGCAUCCGCUCCA,"[34, 67, 6, 7, 40, 41, 43, 77, 78, 79, 52, 53, 23, 24, 25]"
374,4lvy,LYA_.:B/101:A,NC1=NC(=O)c2c(CCc3ccc(cc3)C(=O)N[C@@H](CCC(O)=O)C(O)=O)c[nH]c2N1,4lvy-A/A,GGAGAGUAGAUGAUUCGCGUUAAGUGUGUGUGAAUGGGAUGUCGUCACACAACGAAGCGAGAGCGCGGUGAAUCAUUGCAUCCGCUCCA,"[34, 67, 6, 7, 40, 41, 42, 43, 77, 78, 52, 53, 23, 24, 25]"
376,4lx5,29G_.:B/501:A,Nc1nc(N)c2cncnc2n1,4lx5-A/A,GGCUUCAUAUAAUCCGAAUGAUAUGGUUUCGGAGCUUCCACCAAGAGCCUUAAACUCUUGAUUAUGAAGUC,"[34, 37, 38, 39, 8, 9, 60, 61, 62]"
377,4lx6,29H_.:B/601:A,NC1=Nc2ncncc2C(=O)N1,4lx6-A/A,GGCUUCAUAUAAUCCGAAUGAUAUGGUUUCGGAGCUUCCACCAAGAGCCUUAAACUCUUGACUAUGAAGUC,"[34, 37, 38, 39, 8, 9, 60, 61, 62]"
378,4nya,2QB_.:L/110:A,Cc1ncc(CN=[N+]=[N-])c(N)n1,4nya-A/A,GACUCGGGGUGCCCUUCUGCGUGAAGGCUGAGAAAUACCCGUAUCACCUGAUCUGGAUAAUGCCAGCGUAGGGAAGUU,"[32, 8, 9, 46, 28, 29, 62, 31]"
380,4nyb,2QC_.:B/101:A,NCc1ccc(cc1)c2csnn2,4nyb-A/A,GCGACUCGGGGUGCCCUUCGUGAAGGCUGAGAAAUACCCGUAUCACCUGAUCUGGAUAAUGCCAGCGUAGGGAAGUCGC,"[10, 11, 62, 27, 28, 61, 30, 31]"
381,4nyg,VIB_.:B/101:A,Cc1ncc(C[n+]2csc(CCO)c2C)c(N)n1,4nyg-A/A,GCGACUCGGGGUGCCCUCGUGAAGGCUGAGAAAUACCCGUAUCACCUGAUCUGGAUAAUGCCAGCGUAGGGAAGUCGC,"[59, 10, 44, 45, 26, 27, 60, 29, 30]"
382,4oqu,SAM_.:B/101:A,C[S@@+](CC[C@H](N)C([O-])=O)C[C@H]1O[C@H]([C@H](O)[C@@H]1O)n2cnc3c(N)ncnc23,4oqu-A/A,GGAUCACGAGGGGGAGACCCCGGCAACCUGGGACGGACACCCAAGGUGCUCACACCGGAGACGGUGGAUCCGGCCCGAGAGGGCAACGAAGGUCCGA,"[2, 3, 4, 67, 6, 7, 68, 69, 46, 47, 48, 24, 25, 26]"
383,4p20,AKN_.:C/101:A,NCC[C@H](O)C(=O)N[C@@H]1C[C@H](N)[C@@H](O[C@H]2O[C@H](CN)[C@@H](O)[C@H](O)[C@H]2O)[C@H](O)[C@H]1O[C@H]3O[C@H](CO)[C@@H](O)[C@H](N)[C@H]3O,4p20-A/A,GCGUCACACCGGUGAAGUCGC,"[13, 14, 15, 16, 17, 18, 19, 20]"
385,4p5j,SPM_.:P/115:A,NCCCNCCCCNCCCN,4p5j-A/A,AGCUCGCCAGUUAGCGAGGUCUGUCUCGACACGACAGAUAAUCGGGUGCAACUCCCGCCCCUCUUCCGAGGGUCAUCGGAACC,"[78, 79]"
386,4q9q,2ZZ_.:F/103:R,CN1C(=NC(=C/c2cccc(Br)c2)\C1=O)C,4q9q-C/R,GACGCGACCGAAAUGGUGAAGGACGGGUCCAGUGCGAAACACGCACUGUUGAGUAGAGUGUGAGCUCCGUAACUGGUCGCGUC,"[48, 51, 52, 21, 56, 57, 26, 27]"
387,4q9r,2ZY_.:E/102:R,CC1=NC(=C/c2cc(F)c(O)c(F)c2)\C(=O)N1CC(F)(F)F,4q9r-C/R,GACGCGACCGAAAUGGUGAAGGACGGGUCCAGUGCGAAACACGCACUGUUGAGUAGAGUGUGAGCUCCGUAACUGGUCGCGUC,"[48, 51, 20, 21, 52, 56, 57, 26, 27]"
388,4qk8,2BA_.:B/201:A,Nc1ncnc2n(cnc12)[C@@H]3O[C@@H]4CO[P@](O)(=O)O[C@H]5[C@@H](O)[C@@H](O[C@@H]5CO[P@](O)(=O)O[C@H]4[C@H]3O)n6cnc7c(N)ncnc67,4qk8-A/A,GUUGCCGAAUCCGAAAGGUACGGAGGAACCGCUUUUUGGGGUUAAUCUGCAGUGAAGCUGCAGUAGGGAUACCUUCUGUCCCGCACCCGACAGCUAACUCCGGAGGCAAUAAAGGAAGGA,"[3, 4, 5, 6, 7, 21, 22, 23, 24, 38, 39, 40, 41, 42, 43, 66, 67, 68, 69, 70, 79, 80, 81, 86, 87, 91, 99, 100, 101, 105, 106, 107]"
390,4qk9,2BA_.:B/201:A,Nc1ncnc2n(cnc12)[C@@H]3O[C@@H]4CO[P@](O)(=O)O[C@H]5[C@@H](O)[C@@H](O[C@@H]5CO[P@](O)(=O)O[C@H]4[C@H]3O)n6cnc7c(N)ncnc67,4qk9-A/A,CGCUGAAUUCCCUGAAGGGAAACGGGGGACCCAAUGGGGUGAAUCCCACGUAAGUGGGUAGGGCUAGUCUCUUUCGGCCCGAACCCGUCAGCUAACCUCGUAAGCGUGGAAAGAGG,"[1, 2, 3, 4, 5, 23, 24, 25, 26, 36, 37, 38, 39, 40, 41, 61, 62, 63, 64, 78, 79, 84, 85, 89, 98, 99, 103, 104, 105, 106]"
392,4qka,2BA_.:B/201:A,Nc1ncnc2n(cnc12)[C@@H]3O[C@@H]4CO[P@](O)(=O)O[C@H]5[C@@H](O)[C@@H](O[C@@H]5CO[P@](O)(=O)O[C@H]4[C@H]3O)n6cnc7c(N)ncnc67,4qka-A/A,GUUGCCGAAUCCGAAAGGUACGGAGGAACCGCUUUUUGGGGUUAAUCUGCAGUAGCUGCAGUAGGGAUACCUUCUGUCCCGCACCCGACAGCUAACUCCGGAGGCAAUAAAGGAAGGA,"[3, 4, 5, 6, 7, 21, 22, 23, 24, 38, 39, 40, 41, 42, 43, 63, 64, 65, 66, 67, 68, 78, 79, 84, 85, 89, 97, 98, 99, 103, 104, 105]"
394,4qlm,2BA_.:D/203:A,Nc1ncnc2n(cnc12)[C@@H]3O[C@@H]4CO[P@](O)(=O)O[C@H]5[C@@H](O)[C@@H](O[C@@H]5CO[P@](O)(=O)O[C@H]4[C@H]3O)n6cnc7c(N)ncnc67,4qlm-A/A,AUCGCUGAACGCGGGGGACCCAGGGGGCGAAUCUCUUCCGAAAGGAAGAGUAGGGUUACUCCUUCGACCCGAGCCCGUCAGCUAACCUCGCAAGCGUCCGAAGGAGAA,"[3, 4, 5, 6, 7, 12, 13, 14, 15, 24, 25, 26, 27, 28, 29, 52, 53, 54, 55, 56, 57, 67, 68, 69, 73, 74, 75, 79, 88, 89, 93, 94, 95, 96]"
396,4qln,2BA_.:B/201:A,Nc1ncnc2n(cnc12)[C@@H]3O[C@@H]4CO[P@](O)(=O)O[C@H]5[C@@H](O)[C@@H](O[C@@H]5CO[P@](O)(=O)O[C@H]4[C@H]3O)n6cnc7c(N)ncnc67,4qln-A/A,GAUCGCUGAACCCGAAGGGGCGGGGGACCCAGGGGGCGAAUCUCUUCCGAAAGGAAGAGUAGGGUUACUCCUUCGACCCGAGCCCGUCAGCUAACCUCGCAAGCGUCCGAAGGAGAA,"[4, 5, 6, 7, 8, 21, 22, 23, 24, 33, 34, 35, 36, 37, 38, 61, 62, 63, 64, 65, 66, 76, 77, 78, 83, 84, 88, 97, 98, 102, 103, 104, 105]"
398,4qvi,MES_.:J/2204:B,[O-][S](=O)(=O)CC[NH+]1CCOCC1,4qvi-B/B,GGGAUGCGUAGGAUAGGUGGGAGCCUGUGAACCCCCGCCUCCGGGUGGGGGGGAGGCGCCGGUGAAAUACCACCCUUCCC,"[3, 4, 5, 38, 39, 40, 76, 77]"
401,4rzd,PRF_.:B/201:A,NCc1c[nH]c2N=C(N)NC(=O)c12,4rzd-A/A,AGCAACUUAGGAUUUUAGGCUCCCCGGCGUGUCGAACCAUGCCGGGCCAAACCCAUAGGGCUGGCGGUCCCUGUGCGGUCAAAAUUCAUCCGCCGGAG,"[4, 5, 6, 15, 16, 80, 81]"
402,4w90,2BA_.:C/201:C,Nc1ncnc2n(cnc12)[C@@H]3O[C@@H]4CO[P@](O)(=O)O[C@H]5[C@@H](O)[C@@H](O[C@@H]5CO[P@](O)(=O)O[C@H]4[C@H]3O)n6cnc7c(N)ncnc67,4w90-B/C,GCGCGCUUAAUCUGAAAUCAGAGCGGGGGACCCAUUGCACAGGGGUGAAUCCUUUAGGUAGGGCGAAAGCCCGAAUCCGUCAGCUAACCUCGUAAGCGCGC,"[4, 5, 6, 7, 8, 24, 25, 26, 27, 42, 43, 44, 45, 46, 47, 60, 61, 62, 63, 64, 69, 70, 71, 76, 77, 81, 90, 91, 95, 96, 97]"
404,4w92,2BA_.:J/208:C,Nc1ncnc2n(cnc12)[C@@H]3O[C@@H]4CO[P@](O)(=O)O[C@H]5[C@@H](O)[C@@H](O[C@@H]5CO[P@](O)(=O)O[C@H]4[C@H]3O)n6cnc7c(N)ncnc67,4w92-B/C,GCGCGCUUAAUCUGCAGAGCGGGGGACCCAUUGCACUCAGGGGUGAAUCCUGGUAGGGCGAAAGCCCGAAUCCGUCAGCUAACCUCGUAAGCGCGC,"[4, 5, 6, 7, 8, 20, 21, 22, 23, 41, 42, 43, 44, 45, 56, 57, 58, 59, 64, 65, 66, 71, 72, 76, 85, 86, 90, 91, 92]"
422,4xw7,AMZ_.:B/101:A,NC(=O)c1ncn([C@@H]2O[C@H](CO[P](O)(O)=O)[C@@H](O)[C@H]2O)c1N,4xw7-A/A,GGGUCGUGACUGGCGAACAGGUGGGAAACCACCGGGGAGCGACCCUUGCCGCCCGCCUGGGCAA,"[9, 10, 11, 27, 28]"
424,4y1i,GTP_.:C/201:A,NC1=Nc2n(cnc2C(=O)N1)[C@@H]3O[C@H](CO[P](O)(=O)O[P](O)(=O)O[P](O)(O)=O)[C@@H](O)[C@H]3O,4y1i-A/A,AAAGGGGAGUAGCGUCGGGAAACCGAAACAAAGUCGUCAAUUCGUGAGGAAACUCACCGGCUUUGUUGACAUACGAAAGUAUGUUUAGCAAGACCUUUCC,"[0, 98]"
425,4y1j,GTP_.:C/201:A,NC1=Nc2n(cnc2C(=O)N1)[C@@H]3O[C@H](CO[P](O)(=O)O[P](O)(=O)O[P](O)(O)=O)[C@@H](O)[C@H]3O,4y1j-A/A,AAAGGGGAGUAGCGUCGGGAAACCGAAACAAAGUCGUCUAUUCGUGAGGAAACUCACCGGCUUUGUUGACAUACGAAAGUAUGUUUAGCAAGACCUUUCC,"[0, 97, 98]"
427,4y1m,GTP_.:N/212:B,NC1=Nc2n(cnc2C(=O)N1)[C@@H]3O[C@H](CO[P](O)(=O)O[P](O)(=O)O[P](O)(O)=O)[C@@H](O)[C@H]3O,4y1m-A/B,GAUUUGGGGAGUAGCCGAUUUCCGAAAGGAAAUGUACGUGUCAACAUUUUCGUUGAAAAACGUGGCACGUACGGACUGAAGAAAUUCAGUCAGGCGAGACCAUAUCC,"[0, 105, 106]"
428,4y1m,GTP_.:GB/208:A,NC1=Nc2n(cnc2C(=O)N1)[C@@H]3O[C@H](CO[P](O)(=O)O[P](O)(=O)O[P](O)(O)=O)[C@@H](O)[C@H]3O,4y1m-B/A,GAUUUGGGGAGUAGCCGAUUUGUACGUGUCAACAUUUUCGUUGAAAAACGUGGCACGUACAGGCGAGACCAUAUCC,"[0, 74, 75]"
429,4yaz,4BW_.:H/106:R,NC1=Nc2n(cnc2C(=O)N1)[C@@H]3O[C@@H]4CO[P](O)(=O)O[C@H]5[C@@H](O)[C@@H](O[C@@H]5CO[P](O)(=O)O[C@H]4[C@H]3O)n6cnc7c(N)ncnc67,4yaz-A/R,GUACACGACAAUACUAAACCAUCCGCGAGGAUGGGGCGGAAAGCCUAAGGGUCUCCCUGAGACAGCCGGGCUGCCGAAAUAUC,"[6, 7, 38, 9, 10, 11, 12, 13, 39, 40, 73, 74]"
431,4yb0,C2E_.:D/102:R,NC1=Nc2n(cnc2C(=O)N1)[C@@H]3O[C@@H]4CO[P](O)(=O)O[C@H]5[C@@H](O)[C@@H](O[C@@H]5CO[P](O)(=O)O[C@H]4[C@H]3O)n6cnc7C(=O)NC(=Nc67)N,4yb0-A/R,GUACACGACAAUACUAAACCAUCCGCGAGGAUGGGGCGGAAAGCCUAAGGGUCUCCCUGAGACAGCCGGGCUGCCGAAAUAUC,"[6, 7, 38, 9, 10, 11, 12, 13, 39, 40, 41, 42, 73, 74]"
433,4yb1,4BW_.:D/102:R,NC1=Nc2n(cnc2C(=O)N1)[C@@H]3O[C@@H]4CO[P](O)(=O)O[C@H]5[C@@H](O)[C@@H](O[C@@H]5CO[P](O)(=O)O[C@H]4[C@H]3O)n6cnc7c(N)ncnc67,4yb1-A/R,GGGCACGCACAGAGCAAACCAUUCGAAAGAGUGGGACGCAAAGCCUCCGGCCUAAACCAUUGCACCUCGGUAGGUAGCGGGGUUACCGAUG,"[6, 38, 8, 9, 10, 11, 12, 13, 39, 40, 41, 85, 86]"
435,4zc7,PAR_.:E/101:A,NC[C@@H]1O[C@H](O[C@H]2[C@@H](O)[C@@H](O[C@@H]2CO)O[C@@H]3[C@@H](O)[C@H](N)C[C@H](N)[C@H]3O[C@H]4O[C@H](CO)[C@@H](O)[C@H](O)[C@H]4N)[C@H](N)[C@@H](O)[C@@H]1O,4zc7-A/A,GCGUCGUUCCGGAAAAGUCGC,"[13, 14, 15, 16, 17, 18]"
437,4znp,AMZ_.:C/101:A,NC(=O)c1ncn([C@@H]2O[C@H](CO[P](O)(O)=O)[C@@H](O)[C@H]2O)c1N,4znp-A/A,GGGAUACAGGACUGGCGGAUUAGUGGGAAACCACGUGGACUGUAUCCGAAAAAAAGCCGACCGCCUGGGCAUC,"[64, 65, 66, 12, 13, 58, 59, 29, 30]"
438,4znp,AMZ_.:F/101:B,NC(=O)c1ncn([C@@H]2O[C@H](CO[P](O)(O)=O)[C@@H](O)[C@H]2O)c1N,4znp-B/B,GGGAUACAGGACUGGCGGAUUAGUGGGAAACCACGUGGACUGUAUCCGGCCGACCGCCUGGGCAUC,"[11, 12, 13, 51, 52, 57, 58, 59, 29, 30]"
439,5afi,FME_.:RE/105:v,CSCC[C@H](NC=O)C(O)=O,5afi-V/v,CGCGGGGGGAGCAGCCUGGAGCUCGUCGGGCUCAUAACCCGAAGAUCGUCGGCAAAUCCGGCCCCCGCAACCA,[72]
440,5bjo,747_.:K/104:Y,CN1C(=O)\C(=C\c2cc(F)c(O)c(F)c2)N=C1\C=N\O,5bjo-B/Y,GGCGCGAGGAAGGAGGCUGAGGAGGUCACUGCGCC,"[10, 11, 14, 20, 22, 23]"
444,5btp,AMZ_.:J/108:B,NC(=O)c1ncn([C@@H]2O[C@H](CO[P](O)(O)=O)[C@@H](O)[C@H]2O)c1N,5btp-A/B,GUUAUAUGACUGACGGAACGUGGAAUUAACCACAUGAAGUAUAAAUGCCGACCGUCUGGGCG,"[10, 11, 49, 55, 56, 57, 28, 29]"
445,5btp,AMZ_.:Q/106:A,NC(=O)c1ncn([C@@H]2O[C@H](CO[P](O)(O)=O)[C@@H](O)[C@H]2O)c1N,5btp-B/A,GUUAUAUGACUGACGGAACGUGGAAUUAACCACAUGAAGUAUAACGGCCGACCGUCUGGGCG,"[10, 11, 49, 55, 56, 57, 28, 29]"
446,5c45,51B_.:G/105:X,CNc1ncc(CN2CCC[C@@H](C2)c3nc(O)cc(n3)c4sccc4)cn1,5c45-A/X,GGAUCUUCGGGGCAGGGUGAAAUUCCCGACCGGUGGUAUAGUCCACGAAAGCUU,"[48, 9, 10, 47]"
447,5d5l,PRF_.:U/117:A,NCc1c[nH]c2N=C(N)NC(=O)c12,5d5l-A/A,GAAGGCCGAAAGGUCUUCCACGACGAUACUUAUUUCCUUUGAUCGUCGUUAUUACUGGCUUCGGCCACAAAGGAGA,"[68, 69, 39, 40, 27, 28, 29]"
451,5dhb,5GP_.:E/101:A,NC1=Nc2n(cnc2C(=O)N1)[C@@H]3O[C@H](CO[P](O)(O)=O)[C@@H](O)[C@H]3O,5dhb-A/A,UACA,[3]
456,5fjc,SAM_.:B/101:A,C[S@@+](CC[C@H](N)C([O-])=O)C[C@H]1O[C@H]([C@H](O)[C@@H]1O)n2cnc3c(N)ncnc23,5fjc-A/A,GCUUAUCAAGAGAGGGGGAGUGACUGGCGCGAAGAACCCCGGCAACCAGAAAUGGUGCCAAUUCCUGCAGCGGAAACGUUGAAAGAUGAGCCG,"[4, 5, 6, 8, 9, 10, 43, 44, 45, 85, 86, 55, 56, 57, 87]"
457,5fk1,SAM_.:B/1095:A,C[S@@+](CC[C@H](N)C([O-])=O)C[C@H]1O[C@H]([C@H](O)[C@@H]1O)n2cnc3c(N)ncnc23,5fk1-A/A,GGCUUAUCAAGAGAGGGGGAGCGACUGGCGCGAAGAUCCCCGGCAACCAGAAAUGGUGCCAAUUCCUGCAGCGGAAACGUUGAAAGAUGAGCCG,"[5, 6, 7, 9, 10, 44, 45, 46, 86, 87, 56, 57, 58, 88]"
458,5fk2,SAM_.:B/1095:A,C[S@@+](CC[C@H](N)C([O-])=O)C[C@H]1O[C@H]([C@H](O)[C@@H]1O)n2cnc3c(N)ncnc23,5fk2-A/A,GGCUUAUCAAGAGAGGGGGAGCGACUGGCGCGAAGAGCCCCGGCAACCAGAAAUGGUGCCAAUUCCUGCAGCGGAAACGUUGAAAGAUGAGCCG,"[5, 6, 7, 9, 10, 44, 45, 46, 86, 87, 56, 57, 58, 88]"
459,5fk3,SAM_.:B/1095:A,C[S@@+](CC[C@H](N)C([O-])=O)C[C@H]1O[C@H]([C@H](O)[C@@H]1O)n2cnc3c(N)ncnc23,5fk3-A/A,GGCUUAUCAAGAGAGGGCGAGCGACUGGCGCGAAGACCCCCGGCAACCAGAAAUGGUGCCAAUUCCUGCAGCGGAAACGUUGAAAGAUGAGCCG,"[5, 6, 7, 10, 11, 44, 45, 46, 86, 87, 56, 57, 58, 88]"
460,5fk4,SAM_.:B/1094:A,C[S@@+](CC[C@H](N)C([O-])=O)C[C@H]1O[C@H]([C@H](O)[C@@H]1O)n2cnc3c(N)ncnc23,5fk4-A/A,GGCUUAUCAAGAGAGGGUGAGCGACUGGCGCGAAGAUCCCCGGCAACCAGAAAUGGUGCCAAUUCCUGCAGCGGAAACGUUGAAAGAUGAGCC,"[5, 6, 7, 9, 10, 44, 45, 46, 86, 87, 56, 57, 58, 88]"
461,5fk5,SAM_.:B/1095:A,C[S@@+](CC[C@H](N)C([O-])=O)C[C@H]1O[C@H]([C@H](O)[C@@H]1O)n2cnc3c(N)ncnc23,5fk5-A/A,GGCUUAUCAAGAGAGGGAGAGCGACUGGCGCGAAGAACCCCGGCAACCAGAAAUGGUGCCAAUUCCUGCAGCGGAAACGUUGAAAGAUGAGCCG,"[5, 6, 7, 9, 10, 44, 45, 46, 86, 87, 56, 57, 58, 88]"
462,5fk6,SAM_.:B/1095:A,C[S@@+](CC[C@H](N)C([O-])=O)C[C@H]1O[C@H]([C@H](O)[C@@H]1O)n2cnc3c(N)ncnc23,5fk6-A/A,GGCUUAUCAAGAGAGGGAGAGCGACUGGCGCGAAGACCCCCGGCAACCAGAAAUGGUGCCAAUUCCUGCAGCGGAAACGUUGAAAGAUGAGCCA,"[5, 6, 7, 9, 10, 44, 45, 46, 86, 87, 56, 57, 58, 88]"
463,5fkd,SAM_.:B/1095:A,C[S@@+](CC[C@H](N)C([O-])=O)C[C@H]1O[C@H]([C@H](O)[C@@H]1O)n2cnc3c(N)ncnc23,5fkd-A/A,GGCUUAUCAAGAGAGGGAGAGCGACUGGCGCGAAGAUCCCCGGCAACCAGAAAUGGUGCCAAUUCCUGCAGCGGAAACGUUGAAAGAUGAGCCG,"[5, 6, 7, 10, 44, 45, 46, 86, 87, 56, 57, 58, 88]"
464,5fke,SAM_.:B/1095:A,C[S@@+](CC[C@H](N)C([O-])=O)C[C@H]1O[C@H]([C@H](O)[C@@H]1O)n2cnc3c(N)ncnc23,5fke-A/A,GGCUUAUCAAGAGAGGGUGAGCGACUGGCGCGAAGAGCCCCGGCAACCAGAAAUGGUGCCAAUUCCUGCAGCGGAAACGUUGAAAGAUGAGCCG,"[5, 6, 7, 9, 10, 44, 45, 46, 86, 87, 56, 57, 58, 88]"
465,5fkf,SAM_.:B/1095:A,C[S@@+](CC[C@H](N)C([O-])=O)C[C@H]1O[C@H]([C@H](O)[C@@H]1O)n2cnc3c(N)ncnc23,5fkf-A/A,GGCUUAUCAAGAGAGGGCGAGCGACUGGCGCGAAGAUCCCCGGCAACCAGAAAUGGUGCCAAUUCCUGCAGCGGAAACGUUGAAAGAUGAGCCG,"[5, 6, 7, 9, 10, 44, 45, 46, 86, 87, 56, 57, 58, 88]"
466,5fkg,SAM_.:B/1095:A,C[S@@+](CC[C@H](N)C([O-])=O)C[C@H]1O[C@H]([C@H](O)[C@@H]1O)n2cnc3c(N)ncnc23,5fkg-A/A,GGCUUAUCAAGAGAGGGGGAGUGACUGGCGCGAAGACCCCCGGCAACCAGAAAUGGUGCCAAUUCCUGCAGCGGAAACGUUGAAAGAUGAGCCG,"[5, 6, 7, 9, 10, 44, 45, 46, 86, 87, 56, 57, 58, 88]"
467,5fkh,SAM_.:B/1095:A,C[S@@+](CC[C@H](N)C([O-])=O)C[C@H]1O[C@H]([C@H](O)[C@@H]1O)n2cnc3c(N)ncnc23,5fkh-A/A,GGCUUAUCAAGAGAGGGUGAGCGACUGGCGCGAAGACCCCCGGCAACCAGAAAUGGUGCCAAUUCCUGCAGCGGAAACGUUGAAAGAUGAGCCG,"[5, 6, 7, 10, 44, 45, 46, 86, 87, 56, 57, 58, 88]"
472,5kpy,4PQ_.:B/101:A,N[C@@H](Cc1c[nH]c2ccc(O)cc12)C(O)=O,5kpy-A/A,GGACACUGAUGAUCGCGUGGAUAUGGCACGCAUUGAAUUGUUGGACACCGUAAAUGUCCUAACACGUGUCC,"[33, 35, 36, 38, 11, 12]"
473,5krg,PZG_.:F/102:A,Cc1n[nH]cc1[P](O)(=O)OC[C@H]2O[C@H]([C@H](O)[C@@H]2O)n3cnc4C(=O)NC(=Nc34)N,5krg-A/A,ACUUAAGUCGG,[10]
475,5kx9,6YG_.:J/108:X,COc1ncc(CN2CCC[C@@H](C2)c3nc(O)cc(n3)c4sccc4)cn1,5kx9-A/X,GGAUCUUCGGGGCAGGGUGAAAUUCCCGACCGGUGGUAUAGUCCACGAAAGCU,"[48, 9, 10, 47]"
476,5lwj,GTP_.:B/101:A,NC1=Nc2n(cnc2C(=O)N1)[C@@H]3O[C@H](CO[P](O)(=O)O[P](O)(=O)O[P](O)(O)=O)[C@@H](O)[C@H]3O,5lwj-A/A,GGCAGCCAGAGAGCACGUAUACGCAAGGCUGUC,"[10, 14, 15, 16, 17, 18, 20, 21]"
478,5ob3,1TU_.:B/101:A,Cn1c(C)nc(Cc2cc(F)c(O)c(F)c2)c1O,5ob3-A/A,GGGAGUACGGUGAGGGUCGGGUCCAGUAGGUACGCCUACUGUUGAGUAGAGUGUGGGCUCCGUACUCCC,"[41, 44, 45, 14, 15, 49, 50, 20, 21]"
479,5ob3,SPM_.:E/104:A,NCCCNCCCCNCCCN,5ob3-A/A,GGGAGUACGGUGAGGGUCGGGUCCAGUAGGUACGCCUACUGUUGAGUAGAGUGUGGGCUCCGUACUCCC,"[12, 13, 46, 47, 53]"
480,5t83,SPK_.:K/110:A,[NH3+]CCC[NH2+]CCCC[NH2+]CCC[NH3+],5t83-A/A,AAGUUUGCUAGGGUUCCGCGUCAUAGGUGGUCUGGUCCAAGAGCAAACGGCUUUCACAAAGCCACACGGAAGGAUAAAAGCCUGGGAGAU,"[33, 34, 11, 12, 13, 30]"
489,5v0o,8OS_.:C/101:A,Cc1nc[nH]c1[P](O)(=O)OC[C@H]2O[C@H]([C@H](O)[C@@H]2O)n3cnc4C(=O)NC(=Nc34)N,5v0o-A/A,UGAGGUGGAGCGCGAAAGCGCUC,"[22, 7]"
490,5v1l,SPM_.:H/303:B,NCCCNCCCCNCCCN,5v1l-B/B,CGCGAAUAGCG,"[8, 9]"
491,5v3f,74G_.:F/104:A,C[n+]1ccc(C[C@@H]2Sc3ccccc3N2CC(=O)NCCOCCOCCOCCNC(=O)CCCC[C@@H]4SC[C@@H]5NC(=O)N[C@H]45)c6ccccc16,5v3f-A/A,GUGCGAAGGGACGGUGCGGAGAGGAGAGCAC,"[9, 11, 14, 15, 19, 20, 24, 25]"
492,5v3f,74G_.:J/104:B,C[n+]1ccc(C[C@@H]2Sc3ccccc3N2CC(=O)NCCOCCOCCOCCNC(=O)CCCC[C@@H]4SC[C@@H]5NC(=O)N[C@H]45)c6ccccc16,5v3f-B/B,GGGACGGUGCGGAGAGGAG,"[2, 3, 4, 7, 8, 12, 13, 17, 18]"
495,5vcf,8OS_.:C/101:A,Cc1nc[nH]c1[P](O)(=O)OC[C@H]2O[C@H]([C@H](O)[C@@H]2O)n3cnc4C(=O)NC(=Nc34)N,5vcf-A/A,CUGCUGGCUAAGGCCCGAAAGG,"[21, 12, 13, 14]"
496,5vj9,SPM_.:I/103:B,NCCCNCCCCNCCCN,5vj9-B/B,GCGGGGACGACCCUGC,"[1, 2, 3, 4, 5, 8, 9, 10, 11, 12, 13, 14]"
497,5vjb,SPM_.:H/102:B,NCCCNCCCCNCCCN,5vjb-B/B,GCGGGGACGACCCGC,"[1, 2, 3, 11, 12, 13]"
505,5xz1,GET_.:E/101:A,CN[C@@H]1[C@@H](O)[C@H](OC[C@]1(C)O)O[C@H]2[C@H](N)C[C@H](N)[C@@H](O[C@H]3O[C@H]([C@@H](C)O)[C@@H](O)[C@H](O)[C@H]3N)[C@@H]2O,5xz1-A/A,UGCGUCGCUCCGGAAAAGUCGC,"[14, 15, 16, 17, 18, 19]"
507,5z1h,FSJ_.:C/301:A,CN[C@@H]1[C@@H](O)[C@H](OC[C@]1(C)O)O[C@H]2[C@H](N)C[C@H](N)[C@@H](O[C@H]3OC(=CC[C@H]3N)CF)[C@@H]2O,5z1h-A/A,GCGUCACGCCGGCGGUCGC,"[1, 2, 3, 4, 5, 6]"
508,5z1i,FSJ_.:B/301:A,CN[C@@H]1[C@@H](O)[C@H](OC[C@]1(C)O)O[C@H]2[C@H](N)C[C@H](N)[C@@H](O[C@H]3OC(=CC[C@H]3N)CF)[C@@H]2O,5z1i-A/A,GCGUCGCGCCGGCGAAGUCGC,"[1, 2, 3, 4, 5, 6]"
510,5zei,GET_.:C/101:A,CN[C@@H]1[C@@H](O)[C@H](OC[C@]1(C)O)O[C@H]2[C@H](N)C[C@H](N)[C@@H](O[C@H]3O[C@H]([C@@H](C)O)[C@@H](O)[C@H](O)[C@H]3N)[C@@H]2O,5zei-B/B,GCGUCCGUCGACGAAGUCGC,"[12, 13, 14, 15, 16, 17]"
515,6c63,EKJ_.:D/101:A,COCCNC(=O)C[n+]1c(Cc2cc[n+](C)c3ccccc23)sc4ccccc14,6c63-A/A,GCGUACGAAGGAGAGGAGAGGAAGAGGAGAGUACGC,"[11, 12, 16, 17, 21, 22, 23, 27, 28]"
517,6c63,EKJ_.:K/101:C,COCCNC(=O)C[n+]1c(Cc2cc[n+](C)c3ccccc23)sc4ccccc14,6c63-C/C,GUACGAAGGAGAGGAGAGGAAGAGGAGAGUAC,"[9, 10, 14, 15, 19, 20, 21, 25, 26]"
518,6c64,EKM_.:D/101:A,C[n+]1ccc(/C=C/Cc2sc3ccccc3[n+]2C)c4ccccc14,6c64-A/A,GCGUACGAAGGAGAGGAGAGGAAGAGGAGAGUACGC,"[11, 12, 16, 17, 21, 22, 27, 28]"
520,6c65,EKJ_.:D/101:A,COCCNC(=O)C[n+]1c(Cc2cc[n+](C)c3ccccc23)sc4ccccc14,6c65-A/A,GCGUACGAAGGAGAGGAGAGGUAGAGGAGAGUACGC,"[11, 12, 16, 17, 21, 22, 23, 27, 28]"
522,6c65,EKJ_.:L/101:C,COCCNC(=O)C[n+]1c(Cc2cc[n+](C)c3ccccc23)sc4ccccc14,6c65-C/C,CGUACGAAGGAGAGGAGAGGUAGAGGAGAGUACGG,"[10, 11, 15, 16, 20, 22, 26, 27]"
538,6cb3,GTP_.:U/219:A,NC1=Nc2n(cnc2C(=O)N1)[C@@H]3O[C@H](CO[P](O)(=O)O[P](O)(=O)O[P](O)(O)=O)[C@@H](O)[C@H]3O,6cb3-B/B,AAAGGGGAGUAGCGUCGGGAAACCGAAACAAAGUCGUCAAUUCGUGAGGAAACUCACCGGCUUUGUUGACAUACGAAAGUAUGUUUAGCAAGACCUUUC,"[0, 98]"
540,6cc1,GTP_.:P/214:A,NC1=Nc2n(cnc2C(=O)N1)[C@@H]3O[C@H](CO[P](O)(=O)O[P](O)(=O)O[P](O)(O)=O)[C@@H](O)[C@H]3O,6cc1-A/A,AAAGGGGAGUAGCGUCGGGAAACCGAAACAAAGUCGCGUGAGGAAACUCACCGGCUUUGUUGACAUACGAAAGUAUGUUUAGCAAGACCUUUCC,"[0, 92]"
542,6cc3,GTP_.:FA/211:B,NC1=Nc2n(cnc2C(=O)N1)[C@@H]3O[C@H](CO[P](O)(=O)O[P](O)(=O)O[P](O)(O)=O)[C@@H](O)[C@H]3O,6cc3-B/B,AAAGGGGAGUAGCGUCGGGAAACCGAAACAAAGUCGACAUACUGUGAGGAAACUCACCGGCUUUGUUGACAUUAUGUUUAGCAAGACCUUUC,"[0, 91, 86]"
544,6ck4,G4P_.:R/214:A,NC1=Nc2n(cnc2C(=O)N1)[C@@H]3O[C@H](CO[P@@](O)(=O)O[P](O)(O)=O)[C@@H](O[P@@](O)(=O)O[P](O)(O)=O)[C@H]3O,6ck4-A/A,UGAAAGUGUACCUAGGGUUCCAGCCUAUGUAGGUGUUCGGACCGAGCGGUACAGGUAAUACCACACCUUAGGGACAAAAGCCCGAGAGGAUAGGUUUCACU,"[64, 65, 66, 4, 5, 45, 92, 93, 94, 63]"
545,6ck4,G4P_.:Z/208:B,NC1=Nc2n(cnc2C(=O)N1)[C@@H]3O[C@H](CO[P@@](O)(=O)O[P](O)(O)=O)[C@@H](O[P@@](O)(=O)O[P](O)(O)=O)[C@H]3O,6ck4-B/B,GUGAAAGUGUACCUAGGGUUCCAGCCUAUUUGUAGGUGUUCGGACCGAGCGGUACAGGUAUAUUAUAUACCACACCUUAGGGACAAAAGCCCGAGAGGAUGGUUUCAC,"[97, 100, 5, 6, 101, 72, 73, 74, 75, 102, 48, 49, 93]"
546,6ck4,G4P_.:KA/211:C,NC1=Nc2n(cnc2C(=O)N1)[C@@H]3O[C@H](CO[P@@](O)(=O)O[P](O)(O)=O)[C@@H](O[P@@](O)(=O)O[P](O)(O)=O)[C@H]3O,6ck4-C/C,GUGAAAGUGUACCUAGGGUUCCAGCCUAUUUGUAGGUGUUCGGACCGAGCGGUACAGGUAUAUUAUAUACCACACCUUAGGGACAAAAGCCCAGAGGAUAGGUUUCAC,"[96, 100, 5, 6, 71, 72, 73, 74, 75, 101, 102, 48, 49]"
547,6ck4,G4P_.:WA/211:D,NC1=Nc2n(cnc2C(=O)N1)[C@@H]3O[C@H](CO[P@@](O)(=O)O[P](O)(O)=O)[C@@H](O[P@@](O)(=O)O[P](O)(O)=O)[C@H]3O,6ck4-D/D,GUGAAAGUGUACCUAGGGUUCCAGCCUAUGUAGGUGUUCGGACCGAGCGGUACAGGUAAUAUACCACACCUUAGGGACAAAAGCCCAGAGGAGUUUCACGU,"[65, 66, 67, 68, 5, 6, 46, 87, 90, 92, 93]"
548,6ck4,GTP_.:E/201:A,NC1=Nc2n(cnc2C(=O)N1)[C@@H]3O[C@H](CO[P](O)(=O)O[P](O)(=O)O[P](O)(O)=O)[C@@H](O)[C@H]3O,6ck4-A/A,UGAAAGUGUACCUAGGGUUCCAGCCUAUGUAGGUGUUCGGACCGAGCGGUACAGGUAAUACCACACCUUAGGGACAAAAGCCCGAGAGGAUAGGUUUCACU,"[0, 98, 99, 100]"
549,6ck5,PRP_.:S/217:A,O[C@H]1[C@@H](O)[C@H](O[C@@H]1CO[P](O)(O)=O)O[P@](O)(=O)O[P](O)(O)=O,6ck5-A/A,GUGAAAGUGUACCUAGGGUUCCAGCCUAUUUGUAGGUGUUCGGACCGAGCGGUACAGGUAUAUUAUAUACCACACCUUAGGGACAAAAGCCCGGGAGGAUAGGUUUCA,"[97, 98, 100, 5, 6, 101, 102, 73, 74, 75, 76, 103, 48, 49, 93]"
550,6ck5,PRP_.:IA/216:B,O[C@H]1[C@@H](O)[C@H](O[C@@H]1CO[P](O)(O)=O)O[P@](O)(=O)O[P](O)(O)=O,6ck5-B/B,GUGAAAGUGUACCUAGGGUUCCAGCCUAUGUAGGUGUUCGGACCGAGCGGUACAGGUAUACCACACCUUAGGGACAAAAGCCCGGGAGGAUAGGUUUCAC,"[64, 65, 66, 67, 5, 6, 46, 47, 84, 85, 86, 88, 89, 90, 91, 92, 93, 94]"
551,6db8,G4A_.:D/101:R,CN1\C(Oc2ccccc12)=C\c3sc4ccccc4[n+]3CCC[S](O)(=O)=O,6db8-B/R,GGAUGCGCCUUGAAAAGCCUGCGAAACACGCAGCUGGUGAAUGACAGCUAUGGCGCAUCC,"[38, 39, 40, 13, 14]"
554,6dlq,PRP_.:B/201:A,O[C@H]1[C@@H](O)[C@H](O[C@@H]1CO[P](O)(O)=O)O[P@](O)(=O)O[P](O)(O)=O,6dlq-A/A,GAAAGUGUGUCUAGGGUUCCGCGUGCUUCGGCACGGACUGGUCCAAGUGACACAGACGCAUUCGUGCGUUACACCGGAGGGAUAGAAGCCCAGGCGGGUAGGUUU,"[96, 97, 2, 3, 4, 99, 100, 101, 72, 73, 74, 75, 102, 46, 47, 92, 93]"
555,6dlr,PRP_.:B/201:A,O[C@H]1[C@@H](O)[C@H](O[C@@H]1CO[P](O)(O)=O)O[P@](O)(=O)O[P](O)(O)=O,6dlr-A/A,GGAAAGUGUGUCUAGGGUUCCGCGUGCUUCGGCACGGACUGGUCCAAGUGACACAGACGCAUUCGUGCGUUACACCGGAGGGAUAGAAGCCCAGGCGGGUAGGUUU,"[97, 98, 3, 4, 5, 100, 101, 102, 73, 74, 75, 103, 47, 48, 93, 94]"
558,6dmc,G4P_.:C/201:A,NC1=Nc2n(cnc2C(=O)N1)[C@@H]3O[C@H](CO[P@@](O)(=O)O[P](O)(O)=O)[C@@H](O[P@@](O)(=O)O[P](O)(O)=O)[C@H]3O,6dmc-A/A,GAAGUGUACCUAGGGAUCCACCUCGAGAGAGGAAGGACCAAGCGGUACAGGCCUACUUCGGUAGGUUACACCGUGGGGAUAAAAGACCCGUGGCAAGUUU,"[0, 1, 2, 3, 4, 67, 68, 69, 70, 41, 42, 71, 96, 90, 92, 94, 95]"
563,6dn1,GZ7_.:G/201:Z,Cc1cc2nc3c(O)nc(O)nc3[n+](CCCCCCC(O)=O)c2cc1NC4CCCC4,6dn1-B/Z,GGAUUGAUUUGGUGAAAUUCCAAAACCGACAGUAGAGUCUGGAUGAGAGAAGAUUCG,"[4, 5, 41, 42, 26, 27, 28]"
564,6dn2,GZG_.:I/203:Y,Cc1cc2N=C3C(=O)NC(=O)N=C3N(CCN(CCCC(O)=O)Cc4ccccc4)c2cc1C,6dn2-B/Y,GCUUUGAUUUGGUGAAAUUCCAAAACCGACAGUAGAGUCUGGAUGAGAGAAGAUUC,"[4, 5, 41, 42, 44, 45, 27, 28]"
565,6dn3,GZ4_.:H/201:Y,Cc1cc2nc3C(=O)NC(=O)Nc3[n+](CCCc4ccccc4)c2cc1C,6dn3-B/Y,GCUUUGAUUUGGUGAAAUUCCAAAACCGACAGUAGAGUCUGGAUGAGAGAAGAUUC,"[4, 5, 41, 42, 44, 27, 28]"
567,6e1s,HLV_.:B/101:A,NCCOc1ccc2oc3ccccc3c2c1,6e1s-A/A,CUGGGUCGCAGUNNCCCCAGUUAACAAAACAAG,"[4, 5, 6, 10, 14, 15, 27, 28, 29]"
568,6e1u,HMJ_.:B/101:A,CN(C)CCOc1ccc2oc3ccccc3c2c1,6e1u-A/A,CUGGGUCGCAGUNNCCCCAGUUAACAAAACAAG,"[3, 4, 5, 6, 10, 14, 15, 27, 28, 29]"
569,6e1v,HMV_.:B/101:A,CN(C)CCOc1ccc2[nH]c3ccccc3c2c1,6e1v-A/A,CUGGGUCGCAGUNNNCCCAGUUAACAAAACAAG,"[4, 5, 6, 10, 13, 14, 15, 27, 28, 29]"
570,6e1w,HNG_.:B/101:A,NCc1c[nH]c2NC(=NC(=O)c12)N,6e1w-A/A,CUGGGUCGCAGUNNCCCCAGUUAACAAAACAAG,"[4, 5, 6, 10, 14, 15, 27, 28, 29]"
571,6e81,TFX_.:B/101:A,CN(C)c1ccc(cc1)c2sc3cc(C)ccc3[n+]2C,6e81-A/A,GGCGCGAGGAAGGAGGUCUGAGGAGGUCACUGCGCC,"[10, 11, 14, 21, 24]"
572,6e82,TFX_.:C/102:A,CN(C)c1ccc(cc1)c2sc3cc(C)ccc3[n+]2C,6e82-A/A,GGCGCGAGGAAGGUGGUCUGAGGAGGUCACUGCGCC,"[10, 11, 14, 21, 24]"
573,6e84,J0D_.:C/102:A,CN1\C(Sc2ccccc12)=C\c3cc[n+](C)c4ccccc34,6e84-A/A,GGCGCGAGGAAGGAGGUCUGAGGAGGUCACUGCGCC,"[24, 11, 21, 14]"
574,6e8t,HZG_.:G/101:C,CC(=O)C[n+]1c(Cc2cc[n+](C)c3ccccc23)sc4ccccc14,6e8t-B/C,GUACGAAGGAAGGUUUGGUAUGUGGUAUAUUCGUAC,"[8, 12, 13, 15, 17, 19, 20, 21]"
576,6e8u,HZD_.:G/106:B,C[n+]1ccc(Cc2sc3ccccc3[n+]2CC(=O)NCCOCCOCCOCCNC(=O)CCCC[C@H]4SC[C@H]5NC(=O)N[C@@H]45)c6ccccc16,6e8u-A/B,GUACGAAGGAAGGUUUGGUAUGGGGUAGUUGUCGUAC,"[8, 12, 13, 15, 17, 18, 19, 20, 21]"
577,6fz0,SAM_.:E/104:A,C[S@@+](CC[C@H](N)C([O-])=O)C[C@H]1O[C@H]([C@H](O)[C@@H]1O)n2cnc3c(N)ncnc23,6fz0-A/A,AGGGCAUUUGAACUGUAUUGUACGCCUUGCAGCAAAAGUACUAAAAA,"[5, 6, 7, 8, 9, 41, 42, 43, 44, 15, 16, 17, 18, 19]"
578,6g7z,MES_.:E/201:B,[O-][S](=O)(=O)CC[NH+]1CCOCC1,6g7z-B/B,GACUGCACGGCCCUGCCUCAGGUGUGUUCAAUGAACAGUCGUUCCGAAAGGAAG,"[35, 4, 36, 30, 31]"
579,6gyv,MES_.:B/201:A,[O-][S](=O)(=O)CC[NH+]1CCOCC1,6gyv-A/A,CAUCCGGUAUCCCAAGACAAUCUUCGGGUUGGGUUGGGAAGUAUCAUGGCUAAUCACCAUGAUGCAAUCGGGUUGAACACUUAAUUGGGUUAAAACGGUGGGGGACGAUCCCGUAACAUCCGUCCUAACGGCGACAGACUGCACGGCCCUGCCUCAGGUGUGUCCAAUGAACAGUCGUUCCGAAAGGAAG,"[166, 167, 171, 172, 140]"
580,6gzk,FH8_.:B/101:A,CN(C)c1ccc2c(OC3=CC(C=CC3=C2c4ccc(cc4C(O)=O)C(O)=O)=[N+](C)C)c1,6gzk-A/A,GGACGACUGAACCGAAAGGUUCUUGGCUGCUUCGGCAGAGGUACGUCC,"[6, 7, 39, 40, 42, 23, 24, 25]"
582,6hag,SAH_.:B/101:A,N[C@@H](CCSC[C@H]1O[C@H]([C@H](O)[C@@H]1O)n2cnc3c(N)ncnc23)C(O)=O,6hag-A/A,GUCACAACGGCUUCCUGACGUGGCAGAUUGAAUUAUUGGAGCA,"[35, 36, 37, 6, 7, 8, 14, 15, 16]"
583,6hbt,FXQ_.:D/103:A,NC(=N)NCCCCNC(N)=N,6hbt-A/A,GGUGGGGACGACCCCAC,"[6, 7, 8, 9, 11]"
584,6hc5,FXT_.:F/105:A,NC(=N)NCCCCCNC(N)=N,6hc5-A/A,GGUGGGGACGACCCCAC,"[8, 9, 6, 7]"
585,6jbg,S81_.:E/301:B,NC[C@H]1O[C@H](O[C@@H]2[C@@H](N)C[C@@H](N)[C@H](O)[C@H]2O)[C@H](N)[C@@H](O)[C@@H]1F,6jbg-B/B,UGCGUCACGCCGGCGAAGUCGC,"[14, 15, 16, 17, 18, 19]"
586,6jji,POH_.:E/104:B,C[n+]1ccc(cc1)c2c3[nH]c(cc3)c(c4cc[n+](C)cc4)c5ccc(n5)c(c6[nH]c(cc6)c(c7cc[n+](C)cc7)c8ccc2n8)c9cc[n+](C)cc9,6jji-A/B,GGCUCGGCGGCGGA,"[9, 12, 13]"
587,6las,SAM_.:F/101:A,C[S@@+](CC[C@H](N)C([O-])=O)C[C@H]1O[C@H]([C@H](O)[C@@H]1O)n2cnc3c(N)ncnc23,6las-A/A,GGCAUUGUGCCUCGCAUUGCACUCCGCGGGGCGAUAAGUCCUGAAAAGGGAUGUC,"[32, 33, 35, 36, 5, 6, 7, 8, 37, 31]"
589,6lau,GTP_.:H/103:A,NC1=Nc2n(cnc2C(=O)N1)[C@@H]3O[C@H](CO[P](O)(=O)O[P](O)(=O)O[P](O)(O)=O)[C@@H](O)[C@H]3O,6lau-A/A,GCAUUGUGCCUCGCAUUGCACUCCGCGGGGCGAUAAGUCCUGAAAAGGGAUGUC,"[0, 53]"
590,6lau,SAH_.:F/101:A,N[C@@H](CCSC[C@H]1O[C@H]([C@H](O)[C@@H]1O)n2cnc3c(N)ncnc23)C(O)=O,6lau-A/A,GCAUUGUGCCUCGCAUUGCACUCCGCGGGGCGAUAAGUCCUGAAAAGGGAUGUC,"[32, 34, 35, 4, 5, 6, 7, 36, 30, 31]"
591,6lau,SAH_.:I/101:B,N[C@@H](CCSC[C@H]1O[C@H]([C@H](O)[C@@H]1O)n2cnc3c(N)ncnc23)C(O)=O,6lau-B/B,GGCAUUGUGCCUCGCAUUGCACUCCGCGGGGCGAUAAGUCCUGAAAAGGGAUGUC,"[32, 33, 35, 36, 5, 6, 7, 8, 37, 24, 31]"
592,6lax,SAM_.:F/101:A,C[S@@+](CC[C@H](N)C([O-])=O)C[C@H]1O[C@H]([C@H](O)[C@@H]1O)n2cnc3c(N)ncnc23,6lax-A/A,GGCAUCGUGCCUCGCAUUGCACUCCGCGGGGCGAUAAGUCCUGAAAAGGGAUGUC,"[32, 33, 35, 36, 5, 6, 7, 8, 37, 24, 31]"
594,6laz,E7X_.:G/102:A,Nc1ncnc2n(cnc12)[C@@H]3O[C@H](CN(CCO)CC[C@H]([NH3+])C([O-])=O)[C@@H](O)[C@H]3O,6laz-A/A,GCAUUGUGCCUCGCAUUGCACUCCGCGGGGCGAUAAGUCCUGAAAAGGGAUGUC,"[32, 34, 35, 4, 5, 6, 7, 36, 30, 31]"
599,6n5k,2BA_.:B/201:A,Nc1ncnc2n(cnc12)[C@@H]3O[C@@H]4CO[P@](O)(=O)O[C@H]5[C@@H](O)[C@@H](O[C@@H]5CO[P@](O)(=O)O[C@H]4[C@H]3O)n6cnc7c(N)ncnc67,6n5k-A/A,GUUGCCGAAUCCAUGAUUUGGUACGGAGGAACCGCUUUUUGGGGUUAAUCUGCAGUGAAGCUGCAGUAGGGAUACCUUCUGUCCCGCACCCGACAGCUAACUCCGGAGGCAAUAAAGGAAGGAG,"[3, 4, 5, 6, 7, 24, 25, 26, 27, 41, 42, 43, 44, 45, 46, 68, 69, 70, 71, 72, 73, 83, 84, 89, 90, 94, 103, 104, 108, 109, 110]"
601,6n5n,2BA_.:B/201:A,Nc1ncnc2n(cnc12)[C@@H]3O[C@@H]4CO[P@](O)(=O)O[C@H]5[C@@H](O)[C@@H](O[C@@H]5CO[P@](O)(=O)O[C@H]4[C@H]3O)n6cnc7c(N)ncnc67,6n5n-A/A,GUUGCCGAAUCCGAUGCUCGGUACGGAGGAACCGCUUUUUGGGGUUAAUCUGCAGUGAAGCUGCAGUAGGGAUACCUUCUGUCCCGCACCCGACAGCUAACUCCGGAGGCAAUAAAGGAAGGAG,"[3, 4, 5, 6, 7, 24, 25, 26, 27, 41, 42, 43, 44, 45, 46, 69, 70, 71, 72, 73, 82, 83, 84, 88, 89, 90, 94, 102, 103, 104, 108, 109, 110]"
603,6n5o,2BA_.:B/201:A,Nc1ncnc2n(cnc12)[C@@H]3O[C@@H]4CO[P@](O)(=O)O[C@H]5[C@@H](O)[C@@H](O[C@@H]5CO[P@](O)(=O)O[C@H]4[C@H]3O)n6cnc7c(N)ncnc67,6n5o-A/A,GUUGCCGAAUCCGAUCUGGCGGUACGGAGGAACCGCUUUUUGGGGUUAAUCUGCAGUGAAGCUGCAGUAGGGAUACCUUCUGUCCCGCACCCGACAGCUAACUCCGGAGGCAAUAAAGGAAGGAG,"[3, 4, 5, 6, 7, 25, 26, 27, 28, 42, 43, 44, 45, 46, 47, 69, 70, 71, 72, 73, 74, 84, 85, 90, 91, 95, 104, 105, 109, 110, 111]"
605,6n5p,2BA_.:B/201:A,Nc1ncnc2n(cnc12)[C@@H]3O[C@@H]4CO[P@](O)(=O)O[C@H]5[C@@H](O)[C@@H](O[C@@H]5CO[P@](O)(=O)O[C@H]4[C@H]3O)n6cnc7c(N)ncnc67,6n5p-A/A,GUUGCCGAAUCCAUGUCGUUUGGUACGGAGGAACCGCUUUUUGGGGUUAAUCUGCAGUGAAGCUGCAGUAGGGAUACCUUCUGUCCCGCACCCGACAGCUAACUCCGGAGGCAAUAAAGGAAGGAG,"[3, 4, 5, 6, 7, 26, 27, 28, 29, 43, 44, 45, 46, 47, 48, 71, 72, 73, 74, 75, 85, 86, 91, 92, 96, 105, 106, 110, 111, 112]"
607,6n5q,2BA_.:B/201:A,Nc1ncnc2n(cnc12)[C@@H]3O[C@@H]4CO[P@](O)(=O)O[C@H]5[C@@H](O)[C@@H](O[C@@H]5CO[P@](O)(=O)O[C@H]4[C@H]3O)n6cnc7c(N)ncnc67,6n5q-A/A,GUUGCCGAAUCCACCUAGAAAUGGUACGGAGGAACCGCUUUUUGGGGUUAAUCUGCAGUGAAGCUGCAGUAGGGAUACCUUCUGUCCCGCACCCGACAGCUAACUCCGGAGGCAAUAAAGGAAGGAG,"[3, 4, 5, 6, 7, 27, 28, 29, 30, 44, 45, 46, 47, 48, 49, 71, 72, 73, 74, 75, 76, 86, 87, 92, 93, 97, 106, 107, 111, 112, 113]"
609,6n5s,2BA_.:C/202:A,Nc1ncnc2n(cnc12)[C@@H]3O[C@@H]4CO[P@](O)(=O)O[C@H]5[C@@H](O)[C@@H](O[C@@H]5CO[P@](O)(=O)O[C@H]4[C@H]3O)n6cnc7c(N)ncnc67,6n5s-A/A,GUUGCCGAAUCCAAAGUUGGUACGGAGGAACCGCUUUUUGGGGUUAAUCUGCAGUGAAGCUGCAGUAGGGAUACCUUCUGUCCCGCACCCGACAGCUAACUCCGGAGGCAAUAAAGGAAGGA,"[3, 4, 5, 6, 7, 23, 24, 25, 26, 40, 41, 42, 43, 44, 45, 67, 68, 69, 70, 71, 72, 82, 83, 88, 89, 93, 102, 103, 107, 108, 109]"
611,6n5t,2BA_.:B/201:A,Nc1ncnc2n(cnc12)[C@@H]3O[C@@H]4CO[P@](O)(=O)O[C@H]5[C@@H](O)[C@@H](O[C@@H]5CO[P@](O)(=O)O[C@H]4[C@H]3O)n6cnc7c(N)ncnc67,6n5t-A/A,GUUGCCGAAUCCCCUAGAAAGGUACGGAGGAACCGCUUUUUGGGGUUAAUCUGCAGUGAAGCUGCAGUAGGGAUACCUUCUGUCCCGCACCCGACAGCUAACUCCGGAGGCAAUAAAGGAAGGAG,"[3, 4, 5, 6, 7, 25, 26, 27, 28, 42, 43, 44, 45, 46, 47, 69, 70, 71, 72, 73, 74, 84, 85, 90, 91, 95, 104, 105, 109, 110, 111]"
614,6od9,AMZ_.:I/102:B,NC(=O)c1ncn([C@@H]2O[C@H](CO[P](O)(O)=O)[C@@H](O)[C@H]2O)c1N,6od9-B/B,GUUAUAUGACUGACGGAACGUGGAAUUAACCACAUGAAGUAUAACUGCCGACCGUCUGGGCG,"[10, 11, 49, 55, 56, 57, 28, 29]"
616,6p2h,GNG_.:B/101:A,NC1=NC(=O)c2ncn([C@H]3C[C@H](O)[C@@H](CO)O3)c2N1,6p2h-A/A,GGUGUAAUCUCCAAAAUAUGGUUGGGGAGCCUCCACCAGUGAACCGUAAAAUCGCUGUCACCACCCAG,"[32, 33, 34, 3, 4, 61, 62, 59, 60, 29, 30, 31]"
626,6q57,T0A_.:B/101:A,NC1=NC2=C(CCCN2)C(=O)N1,6q57-A/A,GGAGAGUAGAUGAUUCGCGUUAAGUGUGUGUGAAUGGGAUGUCGUCACACAACGAAGCGAGAGCGCGGUGAAUCAUUGCAUCCGCUCCA,"[34, 67, 6, 7, 40, 41, 43, 77, 78, 52, 53, 23, 24, 25]"
628,6qiv,J4H_.:B/101:A,O=C1Nc2ccc3ccc(C[NH2+]Cc4ccc5ccc(NC(=O)OCCCNCCCO1)nc5n4)nc3n2,6qiv-A/A,GCAGCAGC,"[1, 2]"
647,6tb7,AMP_.:B/101:A,Nc1ncnc2n(cnc12)[C@@H]3O[C@H](CO[P](O)(O)=O)[C@@H](O)[C@H]3O,6tb7-A/A,GGCUUCAACAACCCCGUAGGUUGGGCCGAAAGGCAGCGAAUCUACUGGAGCC,"[5, 6, 7, 46, 47]"
648,6tf0,NAI_.:L/111:A,NC(=O)C1=CN(C=CC1)[C@@H]2O[C@H](CO[P@@](O)(=O)O[P@](O)(=O)OC[C@H]3O[C@H]([C@H](O)[C@@H]3O)n4cnc5c(N)ncnc45)[C@@H](O)[C@H]2O,6tf0-A/A,GGUUCAACAACCCCGUAGGUUGGGCCGAAAGGCAGCGAAUCUACUGGAGCC,"[4, 5, 6, 12, 45, 46]"
649,6tf1,ADP_.:J/109:A,Nc1ncnc2n(cnc12)[C@@H]3O[C@H](CO[P@@](O)(=O)O[P](O)(O)=O)[C@@H](O)[C@H]3O,6tf1-A/A,GGCUUCAACAACCCCGUAGGUUGGGCCGAAAGGCAGCGAAUCUACUGGAGCC,"[5, 6, 7, 13, 46, 47]"
650,6tf2,ATP_.:J/109:A,Nc1ncnc2n(cnc12)[C@@H]3O[C@H](CO[P@](O)(=O)O[P@@](O)(=O)O[P](O)(O)=O)[C@@H](O)[C@H]3O,6tf2-A/A,GGCUUCAACAACCCCGUAGGUUGGGCCGAAAGGCAGCGAAUCUACUGGAGCC,"[5, 6, 7, 13, 46, 47]"
651,6tf3,3AT_.:J/109:A,Nc1ncnc2n(cnc12)[C@@H]3O[C@H](CO[P](O)(=O)O[P](O)(=O)O[P](O)(O)=O)C[C@H]3O,6tf3-A/A,GGCUUCAACAACCCCGUAGGUUGGGCCGAAAGGCAGCGAAUCUACUGGAGCC,"[5, 6, 7, 13, 46, 47]"
652,6tfe,N6E_.:R/117:A,CNc1ncnc2n(cnc12)[C@@H]3O[C@H](CO[P](O)(=O)O[P](O)(=O)O[P](O)(O)=O)[C@@H](O)[C@H]3O,6tfe-A/A,GGCUUCAACAACCCCGUAGGUUGGGCCGAAAGGCAGCGAAUCUACUGGAGCC,"[5, 6, 7, 13, 46, 47]"
653,6tff,NAD_.:J/109:A,NC(=O)c1ccc[n+](c1)[C@@H]2O[C@H](CO[P]([O-])(=O)O[P@](O)(=O)OC[C@H]3O[C@H]([C@H](O)[C@@H]3O)n4cnc5c(N)ncnc45)[C@@H](O)[C@H]2O,6tff-A/A,GGCUUCAACAACCCCGUAGGUUGGGCCGAAAGGCAGCGAAUCUACUGGAGCC,"[5, 6, 7, 46, 47]"
654,6tfg,PPS_.:M/112:A,Nc1ncnc2n(cnc12)[C@@H]3O[C@H](CO[P@](O)(=O)O[S](O)(=O)=O)[C@@H](O[P](O)(O)=O)[C@H]3O,6tfg-A/A,GGCUUCAACAACCCCGUAGGUUGGGCCGAAAGGCAGCGAAUCUACUGGAGCC,"[5, 6, 7, 46, 47, 48]"
655,6tfh,NAD_.:K/110:A,NC(=O)c1ccc[n+](c1)[C@@H]2O[C@H](CO[P]([O-])(=O)O[P@](O)(=O)OC[C@H]3O[C@H]([C@H](O)[C@@H]3O)n4cnc5c(N)ncnc45)[C@@H](O)[C@H]2O,6tfh-A/A,GGUUCAACAACCCCGUAGGUUGGGCCGAAAGGCAGCGAAUCUACUGGAGCC,"[4, 5, 6, 12, 45, 46]"
660,6uc7,Q44_.:J/109:B,CC(=O)NC1=NC(=O)c2nc[nH]c2N1,6uc7-A/B,GGACAUAUAAUCGCGUGGAUAUGGCACGCAAGUUUCUACCGGGCACCGUAAAUGUCCGACUAUGUCC,"[32, 35, 36, 37, 6, 7, 58, 60]"
661,6uc8,ANG_.:B/101:B,NC1=Nc2[nH]c(N)nc2C(=O)N1,6uc8-A/B,GGACAUAUAAUCGCGUGGAUAUGGCACGCAAGUUUCUACCGGGCACCGUAAAUGUCCGACUAUGUCC,"[32, 35, 36, 37, 6, 7, 58, 59, 60]"
662,6uc9,CMG_.:J/109:B,Nc1nc2[nH]cnc2c(OCC3CCCCC3)n1,6uc9-A/B,GGACAUAUAAUCGCGUGGAUAUGGCACGCAAGUUUCUACCGGGCACCGUAAAUGUCCGACUAUGUCC,"[32, 35, 36, 37, 6, 7, 8, 9, 58, 59, 60]"
663,6uej,SPM_.:G/101:B,NCCCNCCCCNCCCN,6uej-B/B,UCG,"[0, 1, 2]"
664,6uet,SAM_.:B/301:A,C[S@@+](CC[C@H](N)C([O-])=O)C[C@H]1O[C@H]([C@H](O)[C@@H]1O)n2cnc3c(N)ncnc23,6uet-A/A,GGUCAUGAGUGCCAGCGUCAAGCCCCGGCUUGCUGGCCGGCAACCCUCCAACCGCGGUGGGGUGCCCCGGGUGAUGACCAGGUUGAGUAGCCGUGACGGCUACGCGGCAAGCGCGGGUC,"[64, 1, 2, 3, 4, 5, 6, 41, 42, 43, 76, 77, 61, 62, 63]"
665,6up0,YO3_.:F/104:C,CN1C=C\C(=C/C=C/c2oc3ccccc3[n+]2C)c4ccccc14,6up0-A/C,GCUACGAAGGAAGGAUUGGUAUGUGGUAUAUUCGUAGC,"[9, 13, 14, 16, 18, 20, 21, 22]"
667,6v9b,QSA_.:G/101:D,CNC(=O)C[n+]1c(sc2ccccc12)\C=C3/C=CN(C)c4ccccc34,6v9b-B/D,AUCGAGGGAGUGGUGAGGAUGAGGCGA,"[8, 9, 13, 14, 20, 24, 25]"
668,6v9d,QW4_.:H/101:E,CN1C=C\C(=C/c2sc3ccccc3[n+]2CC(C)=O)c4ccccc14,6v9d-B/E,AUCGAGGGAGUGGUGAGGAUGAGGCGA,"[8, 9, 14, 18, 19, 20, 24, 25]"
669,6va2,QSV_.:C/101:A,CNC(=N)N\N=C(/C)c1ccc2sc3ccc(cc3c2c1)\C(C)=N\NC(=N)NC,6va2-A/A,CCGGCAGUGUG,"[4, 5, 6]"
670,6va3,MQC_.:C/101:A,COc1cccc(Nc2cc(C)nc3ccc(cc23)C(N)=N)c1,6va3-A/A,CCGGCAGUGUG,"[4, 5, 6]"
671,6va4,QSY_.:C/101:B,COc1ccc2[nH]c3C(=O)N(CCC[NH+](C)C4CCCCC4)C=Nc3c2c1,6va4-B/B,CACACGUCGG,"[2, 3, 4, 5]"
677,6wtl,2BA_.:B/201:A,Nc1ncnc2n(cnc12)[C@@H]3O[C@@H]4CO[P@](O)(=O)O[C@H]5[C@@H](O)[C@@H](O[C@@H]5CO[P@](O)(=O)O[C@H]4[C@H]3O)n6cnc7c(N)ncnc67,6wtl-A/A,GUUGCCGAAUCCAUAUGUGGUACGGAGGAACCGCUUUUUGGGGUUAAUCUGCAGUGAAGCUGCAGUAGGGAUACCUUCUGUCCCGCACCCGACAGCUAACUCCGGAGGCAAUAAAGGAAGGAG,"[3, 4, 5, 6, 7, 23, 24, 25, 26, 40, 41, 42, 43, 44, 45, 68, 69, 70, 71, 72, 82, 83, 88, 89, 93, 102, 103, 107, 108, 109]"
679,6wtr,2BA_.:B/201:A,Nc1ncnc2n(cnc12)[C@@H]3O[C@@H]4CO[P@](O)(=O)O[C@H]5[C@@H](O)[C@@H](O[C@@H]5CO[P@](O)(=O)O[C@H]4[C@H]3O)n6cnc7c(N)ncnc67,6wtr-A/A,GUUGCCGAAUCCUUUACUUGGUACGGAGGAACCGCUUUUUGGGGUUAAUCUGCAGUGAAGCUGCAGUAGGGAUACCUUCUGUCCCGCACCCGACAGCUAACUCCGGAGGCAAUAAAGGAAGGAG,"[3, 4, 5, 6, 7, 24, 25, 26, 27, 42, 43, 44, 45, 46, 69, 70, 71, 72, 73, 83, 84, 89, 90, 94, 103, 104, 108, 109, 110]"
681,6wzr,UG1_.:H/106:A,NC(=O)c1ncn(c2ccncc2)c1N,6wzr-A/A,GUUAUAUGACUGACGGAACGUGGAAUUAACCACAUGAAGUAUAACGAUGCCGACCGUCUGGGCG,"[10, 11, 51, 58, 59, 28, 29]"
682,6wzr,UG1_.:K/103:B,NC(=O)c1ncn(c2ccncc2)c1N,6wzr-B/B,UUAUAUGACUGACGGAACGUGGAAUUAACCACAUGAAGUAUGCCGACCGUCUGGGCG,"[9, 10, 44, 51, 52, 27, 28]"
683,6wzs,UG4_.:I/107:B,NC(=O)c1ncn(c2cccnc2)c1N,6wzs-A/B,GUUAUAUGACUGACGGAACGUGGAAUUAACCACAUGAAGUAUACGCCGACCGUCUGGGCG,"[10, 11, 47, 54, 55, 28, 29]"
684,6wzs,UG4_.:P/107:A,NC(=O)c1ncn(c2cccnc2)c1N,6wzs-B/A,GUUAUAUGACUGACGGAACGUGGAAUUAACCACAUGAAGUAUAACGGCCGACCGUCUGGGCG,"[10, 11, 49, 56, 57, 28, 29]"
685,6xb7,UYS_.:B/101:A,CN(C)c1nc(N)c(nc1C#Cc2ccccc2)C(=O)N=C(N)N,6xb7-A/A,GGAUCAAUAGCAGGUGUGGCACACCAGUCAUACCUUGAUCC,"[34, 35, 36, 5, 6, 7, 8, 11, 12]"
686,6xkn,PRF_.:B/201:A,NCc1c[nH]c2N=C(N)NC(=O)c12,6xkn-A/A,AGCAACUUAGGAUUUUAGGCUCCCCGGCGUGUACCAUGCCGGGCCGAACCCAUAGGGCUGGCGGUCCCUGUGCGGUCAAAAUUCAUCCGCCGGAG,"[4, 5, 6, 77, 78, 15, 16]"
687,6xko,PRF_.:B/201:A,NCc1c[nH]c2N=C(N)NC(=O)c12,6xko-A/A,AGCAACUUAGGAUUUUAGGCUCCCCGGCGUGACCAUGCCGGGCCAAACCCAUAGGGCUGGCGGUCCCUGUGCGGUCGAAAUUCAUCCGCCGGAG,"[4, 5, 6, 76, 77, 14, 15, 16]"
688,6xrq,V8A_.:F/102:A,O=C1N(CCCN2CCOCC2)C(=O)c3c(NCCCN4CCOCC4)cc5C(=O)N(CCCN6CCOCC6)C(=O)c7c(NCCCN8CCOCC8)cc1c3c57,6xrq-A/B,GGCUCGGCGGCGGA,"[0, 1, 2, 4, 5, 8, 9, 12, 13]"
691,6yl5,SAH_.:W/101:C,N[C@@H](CCSC[C@H]1O[C@H]([C@H](O)[C@@H]1O)n2cnc3c(N)ncnc23)C(O)=O,6yl5-C/C,GGUACAACGGCUUCCUGGCGUGACC,"[7, 8, 14, 15, 16, 17]"
692,6yl5,SAH_.:FA/101:G,N[C@@H](CCSC[C@H]1O[C@H]([C@H](O)[C@@H]1O)n2cnc3c(N)ncnc23)C(O)=O,6yl5-B/B,AUUGGAGCA,[1]
694,6ylb,SAM_.:O/101:C,C[S@@+](CC[C@H](N)C([O-])=O)C[C@H]1O[C@H]([C@H](O)[C@@H]1O)n2cnc3c(N)ncnc23,6ylb-J/N,AUUGGAGCA,[1]
695,6ylb,SAM_.:R/101:I,C[S@@+](CC[C@H](N)C([O-])=O)C[C@H]1O[C@H]([C@H](O)[C@@H]1O)n2cnc3c(N)ncnc23,6ylb-G/I,GGUACAACGGCUUCCUGGCGUGACC,"[7, 8, 14, 15, 16]"
697,6ymi,AMP_.:Q/102:C,Nc1ncnc2n(cnc12)[C@@H]3O[C@H](CO[P](O)(O)=O)[C@@H](O)[C@H]3O,6ymi-C/C,GGUACAACGGCUUCCUGGCGUGACC,"[7, 8, 13, 14, 15, 16]"
698,6ymj,ADN_.:R/102:C,Nc1ncnc2n(cnc12)[C@@H]3O[C@H](CO)[C@@H](O)[C@H]3O,6ymj-C/C,GGUACAACGGCUUCCUGGCGUGACC,"[7, 8, 14, 15, 16]"
699,6ypu,AKN_.:WB/1607:4,NCC[C@H](O)C(=O)N[C@@H]1C[C@H](N)[C@@H](O[C@H]2O[C@H](CN)[C@@H](O)[C@H](O)[C@H]2O)[C@H](O)[C@H]1O[C@H]3O[C@H](CO)[C@@H](O)[C@H](N)[C@H]3O,6ypu-B/4,CCUUGUACACACCGCCCGUCACACCAUGGGAGUUUGUUGCACCAGAAGUAGCUAGCCUAACUGCAAAGAGGGCGGUUACCACGGUGUGGCCGAUGACUGGGGUGAAGUCGUAACAAGGUAGCCGUAGGGGAACCUGCGGCUGGAUC,"[103, 104, 105, 106, 107, 108, 109, 110, 16, 17, 18, 19, 20, 21]"
700,7d12,L94_.:B/101:A,C[NH+](C)CCC[NH+]=C(N)c1ccc(cc1)C(N)=[NH+]CCC[NH+](C)C,7d12-A/A,GCAGCAGCUUCGGCAGCAGC,"[1, 2, 3, 4, 13, 14, 15, 16]"
701,7d7v,GTP_.:C/101:A,NC1=Nc2n(cnc2C(=O)N1)[C@@H]3O[C@H](CO[P](O)(=O)O[P](O)(=O)O[P](O)(O)=O)[C@@H](O)[C@H]3O,7d7v-A/A,GCGCAACAUCCCCGCCGGUUGGGCGCAUUGCACUCCGCGCAGUGAACCGGCUGCGCC,"[0, 56, 55]"
702,7d7v,NAD_.:L/110:A,NC(=O)c1ccc[n+](c1)[C@@H]2O[C@H](CO[P]([O-])(=O)O[P@](O)(=O)OC[C@H]3O[C@H]([C@H](O)[C@@H]3O)n4cnc5c(N)ncnc45)[C@@H](O)[C@H]2O,7d7v-A/A,GCGCAACAUCCCCGCCGGUUGGGCGCAUUGCACUCCGCGCAGUGAACCGGCUGCGCC,"[2, 3, 4, 5, 10, 11, 52, 53]"
703,7d7w,GTP_.:B/101:A,NC1=Nc2n(cnc2C(=O)N1)[C@@H]3O[C@H](CO[P](O)(=O)O[P](O)(=O)O[P](O)(O)=O)[C@@H](O)[C@H]3O,7d7w-A/A,GCUUCAACAACCCCGUAGGUGGGGACGAAAGUCAGCGCACCUACUGGAGCC,"[0, 50]"
704,7d7w,NAD_.:C/102:A,NC(=O)c1ccc[n+](c1)[C@@H]2O[C@H](CO[P]([O-])(=O)O[P@](O)(=O)OC[C@H]3O[C@H]([C@H](O)[C@@H]3O)n4cnc5c(N)ncnc45)[C@@H](O)[C@H]2O,7d7w-A/A,GCUUCAACAACCCCGUAGGUGGGGACGAAAGUCAGCGCACCUACUGGAGCC,"[4, 5, 6, 11, 45, 46]"
705,7d7x,ADP_.:K/110:A,Nc1ncnc2n(cnc12)[C@@H]3O[C@H](CO[P@@](O)(=O)O[P](O)(O)=O)[C@@H](O)[C@H]3O,7d7x-A/A,GCUUCAACAACCCCGUAGGUGGGGACGAAAGUCAGCGCACCUACUGGAGCC,"[4, 5, 6, 45, 46]"
707,7d7y,ATP_.:C/102:A,Nc1ncnc2n(cnc12)[C@@H]3O[C@H](CO[P@](O)(=O)O[P@@](O)(=O)O[P](O)(O)=O)[C@@H](O)[C@H]3O,7d7y-A/A,GCUUCAACAACCCCGUAGGUGGGGACGAAAGUCAGCGCACCUACUGGAGCC,"[4, 5, 6, 45, 46]"
711,7d81,NAD_.:E/104:A,NC(=O)c1ccc[n+](c1)[C@@H]2O[C@H](CO[P]([O-])(=O)O[P@](O)(=O)OC[C@H]3O[C@H]([C@H](O)[C@@H]3O)n4cnc5c(N)ncnc45)[C@@H](O)[C@H]2O,7d81-A/A,GGUUUCAACAUCCCCGUUCGGCGCUCGAAAGAGGUGGCCGGACUGAAGCC,"[5, 6, 7, 12, 13, 44, 45]"
719,7dwh,SAM_.:H/102:X,C[S@@+](CC[C@H](N)C([O-])=O)C[C@H]1O[C@H]([C@H](O)[C@@H]1O)n2cnc3c(N)ncnc23,7dwh-E/X,GGACCUACUACGAGCGCCAUUGCACUCCGGCGCCACGGGGGGUCC,"[34, 35, 36, 5, 37, 38, 8, 9, 10, 39, 40, 4]"
721,7e9e,J0C_.:B/101:A,NC1=NC(=O)c2c(CNCCC3(CCC#C)N=N3)c[nH]c2N1,7e9e-A/A,CUGGGUCGCAGUNNCCCCAGUUAACAAAACAAG,"[4, 5, 6, 10, 11, 14, 15, 27, 28, 29]"
722,7e9i,J0C_.:B/101:A,NC1=NC(=O)c2c(CNCCC3(CCC#C)N=N3)c[nH]c2N1,7e9i-A/A,CUGGGUCGCAGUAACCCCAGUUAACAAAACAAG,"[3, 4, 5, 6, 10, 11, 12, 13, 14, 15, 27, 28, 29]"
723,7eaf,SAM_.:B/101:A,C[S@@+](CC[C@H](N)C([O-])=O)C[C@H]1O[C@H]([C@H](O)[C@@H]1O)n2cnc3c(N)ncnc23,7eaf-A/A,GGCUUAUCAAGAGAGGGCGAGGGACUGGCCCGACGACCCCCGGCAACCAGAAAUGGUGCCAAUUCCUGCAGCGGAAACGUUGAAAGAUGAGCCG,"[5, 6, 7, 9, 10, 43, 44, 45, 46, 86, 87, 56, 57, 58, 88]"
724,7edl,GET_.:C/101:A,CN[C@@H]1[C@@H](O)[C@H](OC[C@]1(C)O)O[C@H]2[C@H](N)C[C@H](N)[C@@H](O[C@H]3O[C@H]([C@@H](C)O)[C@@H](O)[C@H](O)[C@H]3N)[C@@H]2O,7edl-A/A,UGCGUCACGCCGGCGAAGUCGC,"[14, 15, 16, 17, 18, 19]"
726,7edm,GET_.:E/101:B,CN[C@@H]1[C@@H](O)[C@H](OC[C@]1(C)O)O[C@H]2[C@H](N)C[C@H](N)[C@@H](O[C@H]3O[C@H]([C@@H](C)O)[C@@H](O)[C@H](O)[C@H]3N)[C@@H]2O,7edm-B/B,GCGUCGCGUCGACGAAGUCGC,"[1, 2, 3, 4, 5, 6, 13, 14, 15, 16, 17, 18]"
728,7edt,SPM_.:C/401:A,NCCCNCCCCNCCCN,7edt-A/A,GGACUCCGGCC,"[3, 4]"
729,7elp,GTP_.:S/101:B,NC1=Nc2n(cnc2C(=O)N1)[C@@H]3O[C@H](CO[P](O)(=O)O[P](O)(=O)O[P](O)(O)=O)[C@@H](O)[C@H]3O,7elp-B/B,GAGUAGAAGCGUUCAGCGGCCGAAAGGCCGCCCGGAAAUUGCUCC,"[0, 43, 44]"
730,7eog,J8F_.:C/102:A,CN(CCO)c1ccc(cc1)\C=C(C#N)\c2ccc(cc2)C#N,7eog-A/A,GCGCACUGGCGCUGCGCCUUCGGGCGCCAAUCGUAGCGUGUCGGCGCC,"[38, 6, 8, 7, 39, 40, 41, 31]"
732,7eoi,J8F_.:B/101:A,CN(CCO)c1ccc(cc1)\C=C(C#N)\c2ccc(cc2)C#N,7eoi-A/A,GGCGCACUGGCGCUGCGCCUUCGGGCGCCAAUCGUAGCGUGUCGGCGCC,"[32, 39, 8, 9, 7, 40, 41, 42]"
734,7eok,J8L_.:C/102:A,CN(C)CCN(C)c1cnc(cn1)\C=C(/C#N)c2ccc(cc2)C#N,7eok-A/A,GCGCACUGGCGCUGCGCCUUCGGGCGCCAAUCGUAGCGUGUCGGCGCC,"[38, 6, 8, 7, 39, 40, 41, 31]"
735,7eol,J8O_.:H/107:A,CN(CCO)c1cnc(cn1)\C=C(/C#N)c2ccc(cc2)C#N,7eol-A/A,GCGCACUGGCGCUGCGCCUUCGGGCGCCAAUCGUAGCGUGUCGGCGCC,"[38, 6, 8, 7, 39, 40, 41, 31]"
736,7eom,J8R_.:C/102:A,CN(CCO)c1ccc(cn1)\C=C(/C#N)c2ccc(cc2)C#N,7eom-A/A,GCGCACUGGCGCUGCGCCUUCGGGCGCCAAUCGUAGCGUGUCGGCGCC,"[38, 6, 8, 7, 39, 40, 31]"
737,7eon,J8U_.:C/102:A,CN(C)CCN(C)c1ccc(cc1)\C=C(C#N)\c2ccc(cc2)C#N,7eon-A/A,GCGCACUGGCGCUGCGCCUUCGGGCGCCAAUCGUAGCGUGUCGGCGCC,"[38, 6, 8, 7, 39, 40, 41, 31]"
738,7eoo,J8X_.:C/102:A,CN(CCO)c1ccc(cc1)\C=C(C#N)\c2oc3ccccc3n2,7eoo-A/A,GCGCACUGGCGCUGCGCCUUCGGGCGCCAAUCGUAGCGUGUCGGCGCC,"[38, 6, 8, 7, 39, 40, 41, 31]"
739,7eop,J93_.:H/107:A,CN(CCO)c1sc2cc(sc2c1)\C=C(/C#N)c3ccc(cc3)C#N,7eop-A/A,GCGCACUGGCGCUGCGCCUUCGGGCGCCAAUCGUAGCGUGUCGGCGCC,"[38, 6, 8, 7, 39, 40, 41, 31]"
740,7fhi,53D_.:B/101:A,CCN1CCN(CC1)c2cc3N(C=C(C(=O)NCCCN(C)C)C(=O)c3cc2F)C4CC4,7fhi-A/A,GGAUGCUUACUCAGCCAUCC,"[3, 4, 5, 14, 15, 16, 17]"
741,7fj0,53D_.:B/101:A,CCN1CCN(CC1)c2cc3N(C=C(C(=O)NCCCN(C)C)C(=O)c3cc2F)C4CC4,7fj0-A/A,GGAUGCUUACUCAGCGAUCC,"[3, 4, 5, 14, 15, 16]"
754,7kvt,2ZY_.:B/101:B,CC1=NC(=C/c2cc(F)c(O)c(F)c2)\C(=O)N1CC(F)(F)F,7kvt-A/B,GGAAGAUACAAGGUGAGCCCAAUAAUAUGGUUUGGGUUAGGAUAGGAAGUAGAGCCUUAAACUCUCUAAGCGGUAUCUUCCC,"[67, 68, 37, 38, 11, 12, 13, 46]"
756,7kvv,747_.:C/302:D,CN1C(=O)\C(=C\c2cc(F)c(O)c(F)c2)N=C1\C=N\O,7kvv-A/D,GGAAGAUACAAGGUGAGCCCAAUAAUAUGGUUUGGGUUAGGAUAGGAAGUAGAGCCUUAAACUCUCUAAGCGGUAUCUUCCC,"[67, 68, 37, 38, 11, 12, 13, 46]"
769,7mkt,MMP_.:B/101:A,CCc1c(C)c2cc3n(C)c(cc4nc(cc5[nH]c(cc1n2)c(C)c5CCC(O)=O)c(CCC(O)=O)c4C)c(C)c3CC,7mkt-A/A,GUGUGUGUGUGUGUGUGUGUGUG,"[0, 6, 8, 12, 13, 18]"
770,7oa3,V5Z_.:C/101:A,COc1cc(cc(OC)c1O)\C=C\2N=C(\C=N/O)N(C\2=O)c3ccc(cc3)[N+](C)(C)C,7oa3-A/A,GCUAGCUGGAGGGGCGCCAGUUCGCUGGUGGUUGGGUGCGGUCGGCUAGCC,"[35, 7, 8, 11, 12, 13, 29, 30]"
772,7oav,GTP_.:Q/102:C,NC1=Nc2n(cnc2C(=O)N1)[C@@H]3O[C@H](CO[P](O)(=O)O[P](O)(=O)O[P](O)(O)=O)[C@@H](O)[C@H]3O,7oav-C/C,GCUAGCUGGAGGGGCGCCAGUUCGCUGGUGGUUGGGUGCGGUCGGCUAGCC,"[0, 49, 50]"
779,7oaw,SPM_.:P/101:C,NCCCNCCCCNCCCN,7oaw-C/C,GCUAGCUGGAGGGGCGCCAGUUCGCUGGUGGUUGGGUGCGGUCGGCUAGCC,"[19, 20, 21, 23, 24, 25]"
780,7oaw,V6T_.:H/104:A,COc1cc(cc(OC)c1O)/C=C/2N=C(C)N(C/2=O)c3ccc(cc3)[N+](C)(C)C,7oaw-C/C,GCUAGCUGGAGGGGCGCCAGUUCGCUGGUGGUUGGGUGCGGUCGGCUAGCC,"[35, 7, 8, 11, 12, 13, 29, 30]"
802,7rwr,FMN_.:B/101:A,Cc1cc2N=C3C(=O)NC(=O)N=C3N(C[C@H](O)[C@H](O)[C@H](O)CO[P](O)(O)=O)c2cc1C,7rwr-A/A,GGAUACACAAGAGUGAUUGAAACUAAGUCUGUGUAUCC,"[12, 13, 14, 16, 17, 18, 25, 26, 27]"
808,7szu,J8F_.:F/103:R,CN(CCO)c1ccc(cc1)\C=C(C#N)\c2ccc(cc2)C#N,7szu-A/R,GUACCUACCAAUCGUAGCGUGUCGACCAGCUGCGAAACACGCAGCUGGCACUGGCGCUGUAGGUAC,"[12, 51, 19, 21, 20, 52, 53]"
809,7td7,VIB_.:E/104:A,Cc1ncc(C[n+]2csc(CCO)c2C)c(N)n1,7td7-A/A,GCGACUCGGGGUGCCCCGUGAAGGCUGAGAAAUACCCGUAUCACCUGAUCUGGAUAAUGCCAGCGUAGGGAAGUCGCA,"[64, 58, 10, 11, 43, 44, 25, 26, 59, 28, 29]"
810,7tda,TPP_.:B/201:A,Cc1ncc(C[n+]2csc(CCO[P@@](O)(=O)O[P](O)(O)=O)c2C)c(N)n1,7tda-A/A,GCGACUCGGGGUGCCCUUCGUGAAGGCUGAGAAAUACCCGUAUCACCUGAUCUGGAUAAUGCCAGCGUAGGGAAGUCGC,"[65, 66, 10, 11, 45, 46, 60, 27, 28, 61, 30, 31]"
811,7tdb,GMI_.:B/101:A,Cc1ncc(C[n+]2csc(CCO[P](O)(=O)C[P](O)(O)=O)c2C)c(N)n1,7tdb-A/A,GCGACUCGGGGUGCCCUUCGUGAAGGCUGAGAAAUACCCGUAUCACCUGAUCUGGAUAAUGCCAGCGUAGGGAAGUCGC,"[65, 66, 10, 11, 45, 46, 60, 48, 27, 28, 61, 30, 31]"
813,7tql,5GP_.:NA/101:3,NC1=Nc2n(cnc2C(=O)N1)[C@@H]3O[C@H](CO[P](O)(O)=O)[C@@H](O)[C@H]3O,7tql-C/3,AGCAGAGUGGCGCAGCGGAAGCGUGCUGGGCCCAUAACCCAGAGGUCGAUGGAUCGAAACCAUCCUCUGCUACCA,"[32, 33]"
814,7tzr,KWU_.:C/101:X,CNCc1ccc2nccnc2c1,7tzr-A/X,GACUCGGGGUGCCCUUCUGCGUGAAGGCUGAGAAAUACCCGUAUCACCUGAUCUGGAUAAUGCCAGCGUAGGGAAGUU,"[32, 8, 9, 63, 28, 29, 62, 31]"
816,7tzt,KXC_.:E/104:A,CN(C)CCNCc1ccc2nccnc2c1,7tzt-A/A,GCGACUCGGGGUGCCCUCGUGAAGGCUGAGAAAUACCCGUAUCACCUGAUCUGGAUAAUGCCAGCGUAGGGAAGUCGCA,"[10, 11, 26, 27, 60, 29, 30]"
817,7tzu,KWL_.:B/101:A,C1CN(CCN1)c2ccncc2CNCc3ccc4nccnc4c3,7tzu-A/A,GCGACUCGGGGUGCCCUCGUGAAGGCUGAGAAAUACCCGUAUCACCUGAUCUGGAUAAUGCCAGCGUAGGGAAGUCGCA,"[59, 10, 11, 44, 45, 61, 62, 27, 60, 29, 30]"
818,7u0y,KY6_.:D/301:R,CN(CCO)c1ccc2cc(sc2c1)\C=C(/C#N)c3ccc(cc3)C#N,7u0y-C/R,GUACCUACCAAUCGUAGCGUGUCGACCAGCUGCGAAACACGCAGCUGGCACUGGCGCUGUAGGUAC,"[12, 19, 20, 21, 22, 51, 52, 53]"
845,7wib,THG_.:B/101:V,NC1=NC2=C(N[C@@H](CNc3ccc(cc3)C(=O)N[C@@H](CCC(O)=O)C(O)=O)CN2)C(=O)N1,7wib-A/V,GCGUGGUCCGUUCAACUCGUUCCUCGAAAGAGGAACUACGGGAGACGCC,"[35, 36, 37, 10, 14, 15, 18]"
846,7wif,H4B_.:B/101:V,C[C@H](O)[C@H](O)[C@H]1CNC2=C(N1)C(=O)NC(=N2)N,7wif-A/V,GCGUGGUCCGUUCAACUCGUUCCUCGAAAGAGGAACUACGGGAGACGCC,"[34, 35, 36, 37, 10, 14, 15, 18]"
847,7wii,NPR_.:B/101:V,NC1=NC(=O)C2=C(NCC(=N2)[C@H](O)[C@@H](O)CO)N1,7wii-A/V,GCGUGGUCCGUUCAACUCGUUCCUCGAAAGAGGAACUACGGGAGACGCC,"[33, 34, 35, 36, 37, 10, 14, 15, 18]"
880,8d28,TEP_.:C/101:B,CN1C(=O)N(C)c2nc[nH]c2C1=O,8d28-A/B,GGCGAUACCAGCCGAAAGGCCCUUGGCAGCGCC,"[5, 6, 7, 21, 22, 23, 25, 27]"
882,8d2a,QB3_.:C/101:A,COc1cc2c(O)ncnc2cc1OCC3CCN(C)CC3,8d2a-A/A,GGCGAUACCAGCCGAAAGGCCCUUGGCAGCGCC,"[5, 6, 7, 21, 22, 23, 25, 27]"
884,8d2b,QAX_.:C/101:A,COc1cc2c(O)ncnc2cc1OCCCN3CCCCC3,8d2b-A/A,GGCGAUACCAGCCGAAAGGCCCUUGGCAGCGCC,"[5, 6, 7, 21, 22, 23, 25, 27]"
886,8d5l,QIJ_.:E/101:A,CN1C(=O)C=NC2=C1NC(=O)N=C2N,8d5l-A/A,GGCGAUACCAGCCGAAAGGCCCUUGGCAGCGCC,"[5, 6, 7, 21, 22, 23, 25, 27]"
890,8d5o,QEU_.:C/101:A,COc1cc2ncnc(N3CCN(CCCCO)CC3)c2cc1OC,8d5o-A/A,GGCGAUACCAGCCGAAAGGCCCUUGGCAGCGCC,"[5, 6, 7, 21, 22, 23, 25, 27]"
902,8eyu,X5R_.:E/103:B,COC(=O)\C=C\C1=NC(=C\c2cc(F)c(O)c(F)c2)/C(=O)N1C,8eyu-A/B,GCGCCGGGCAGAGGUGGGUGGUGUGGAGGAGUAUCUGUCCGGCGC,"[32, 33, 11, 12, 21, 29, 30]"
903,8eyu,X5R_.:I/104:A,COC(=O)\C=C\C1=NC(=C\c2cc(F)c(O)c(F)c2)/C(=O)N1C,8eyu-B/A,GCGCCGGUUAGGCAGAGGUGGGUGGUGUGGAGGAGUAUCUGUCCGGCGC,"[33, 34, 36, 37, 15, 16, 25]"
904,8eyv,747_.:F/104:A,CN1C(=O)\C(=C\c2cc(F)c(O)c(F)c2)N=C1\C=N\O,8eyv-A/A,GCGCCGGGCAGAGGUGGGUGGUGUGGAGGAGUAUCUGUCCGGCGC,"[32, 33, 11, 12, 21, 29, 30]"
906,8eyw,TFX_.:F/104:B,CN(C)c1ccc(cc1)c2sc3cc(C)ccc3[n+]2C,8eyw-A/B,GCGCCGGUUAGGCAGAGGUGGGUGGUGUGGAGGAGUAUCUGUCCGGCGC,"[33, 36, 37, 15, 16, 25]"
907,8eyw,TFX_.:I/103:A,CN(C)c1ccc(cc1)c2sc3cc(C)ccc3[n+]2C,8eyw-B/A,GCGCCGGGCAGAGGUGGGUGGUGUGGAGGAGUAUCUGUCCGGCGC,"[32, 33, 11, 12, 21, 29]"
908,8f0n,747_.:E/103:B,CN1C(=O)\C(=C\c2cc(F)c(O)c(F)c2)N=C1\C=N\O,8f0n-A/B,GCGCCGGUUAGGCAGUGGUGGGUGGUGUGGAGGAGUAGCUGUCCGGCGC,"[33, 36, 37, 15, 16, 25]"
910,8f4o,PG4_.:GA/113:B,OCCOCCOCCOCCO,8f4o-B/B,GCGACUCGGGGUGAAGGCUGAGAAAUACCCGUAUCACCUGAUCUGGAGCCAGCGUAGGGAAGUCG,"[1, 2, 3, 28, 29, 30]"
911,8fza,PRF_.:C/101:A,NCc1c[nH]c2N=C(N)NC(=O)c12,8fza-A/A,UUGGGUUCCCUCACCCCAAUCAUAAAAAGG,"[4, 5, 6, 10, 11, 13, 14, 25, 26, 27]"
912,8fza,PRF_.:F/101:B,NCc1c[nH]c2N=C(N)NC(=O)c12,8fza-B/B,UUGGGUUCCCUCACCCCAAUUAAAAAGG,"[4, 5, 6, 10, 11, 13, 14, 23, 24, 25]"
913,8g4w,PRF_.:I/101:R,NCc1c[nH]c2N=C(N)NC(=O)c12,8g4w-F/R,GCAGAGGUUCUAGCUACACCCUCUAUAAAAAACUAAGGACCACACGA,"[6, 7, 12, 13, 17, 18, 19, 29, 30, 31]"
917,8g8z,PRF_.:I/101:R,NCc1c[nH]c2N=C(N)NC(=O)c12,8g8z-F/R,GCAGAGGUUCUAGCUACACCCUCUAUAAAAAACUAAGGACCACACGAG,"[32, 6, 7, 12, 13, 18, 19, 29, 31]"
918,8gxb,NAD_.:H/101:A,NC(=O)c1ccc[n+](c1)[C@@H]2O[C@H](CO[P]([O-])(=O)O[P@](O)(=O)OC[C@H]3O[C@H]([C@H](O)[C@@H]3O)n4cnc5c(N)ncnc45)[C@@H](O)[C@H]2O,8gxb-A/A,GAGCGUUACGUCCGAAAGUCGCAUUGCACUCCGCGACACGGCUCUUUAAAAACAAAAGGA,"[1, 2, 3, 4, 5, 38, 39, 40, 14, 51, 52, 53]"
920,8gxc,NMN_.:H/101:A,NC(=O)c1ccc[n+](c1)[C@@H]2O[C@H](CO[P](O)(O)=O)[C@@H](O)[C@H]2O,8gxc-A/A,GAGCGUUACGUCCGAAAGUCGCAUUGCACUCCGCGACACGGCUCUUUAAAAACAAAAGGA,"[3, 4, 5, 38, 39, 40, 51, 52, 53]"
922,8hb1,NMN_.:F/101:B,NC(=O)c1ccc[n+](c1)[C@@H]2O[C@H](CO[P](O)(O)=O)[C@@H](O)[C@H]2O,8hb1-B/B,GCGACACGGCUCUUUAAAAACAAAAGGAGA,"[6, 7, 8, 19, 20, 21, 22, 25, 26, 27, 28]"
924,8hb3,NNR_.:C/101:A,NC(=O)c1ccc[n+](c1)[C@@H]2O[C@H](CO)[C@@H](O)[C@H]2O,8hb3-B/B,GCGACACGGCUCUUUAAAAACAAAAGGAGAA,"[22, 25, 26, 27, 28]"
926,8hb8,NMN_.:B/101:A,NC(=O)c1ccc[n+](c1)[C@@H]2O[C@H](CO[P](O)(O)=O)[C@@H](O)[C@H]2O,8hb8-A/A,GCGGCGUUGCGUCCGAAAGUCUAAACAGACACGGCCGCUUAAAAACAAAAGGAGA,"[4, 5, 6, 7, 8, 9, 11, 12, 13, 31, 32, 33, 44, 45, 46, 47, 50, 51, 52, 53, 54]"
928,8hba,NAD_.:C/101:A,NC(=O)c1ccc[n+](c1)[C@@H]2O[C@H](CO[P]([O-])(=O)O[P@](O)(=O)OC[C@H]3O[C@H]([C@H](O)[C@@H]3O)n4cnc5c(N)ncnc45)[C@@H](O)[C@H]2O,8hba-A/A,GCGGCGUUGCGUCCGAAAGUGACACGGCCGCUUAAAAACAAAAGGAGA,"[4, 5, 6, 8, 9, 11, 12, 13, 16, 17, 18, 22, 23, 24, 25, 26, 37, 38, 39, 40, 43, 44, 45, 46, 47]"
930,8hba,NAD_.:E/101:B,NC(=O)c1ccc[n+](c1)[C@@H]2O[C@H](CO[P]([O-])(=O)O[P@](O)(=O)OC[C@H]3O[C@H]([C@H](O)[C@@H]3O)n4cnc5c(N)ncnc45)[C@@H](O)[C@H]2O,8hba-B/B,CGCGGCGUUGCGUCCGAAAGUCGACACGGCCGCUUAAAAACAAAAGGAGA,"[5, 6, 7, 39, 40, 41, 45, 17, 18, 19, 24, 25, 26, 27, 28]"
931,8hba,NMN_.:F/102:B,NC(=O)c1ccc[n+](c1)[C@@H]2O[C@H](CO[P](O)(O)=O)[C@@H](O)[C@H]2O,8hba-B/B,CGCGGCGUUGCGUCCGAAAGUCGACACGGCCGCUUAAAAACAAAAGGAGA,"[9, 10, 42, 12, 13, 14, 45, 46, 47, 48, 49]"
932,8i43,53D_.:B/20:A,CCN1CCN(CC1)c2cc3N(C=C(C(=O)NCCCN(C)C)C(=O)c3cc2F)C4CC4,8i43-A/A,GGACGCUUUCGAGCCGUCC,"[3, 4, 5, 13, 14, 15]"
933,8i44,53D_.:B/20:A,CCN1CCN(CC1)c2cc3N(C=C(C(=O)NCCCN(C)C)C(=O)c3cc2F)C4CC4,8i44-A/A,GGAUGCUUUCGAGCCAUCC,"[3, 4, 14, 15, 16]"
934,8i45,53D_.:B/20:A,CCN1CCN(CC1)c2cc3N(C=C(C(=O)NCCCN(C)C)C(=O)c3cc2F)C4CC4,8i45-A/A,GGACGCUUUCGAGCGGUCC,"[3, 4, 13, 14, 15, 16]"
935,8i46,53D_.:B/20:A,CCN1CCN(CC1)c2cc3N(C=C(C(=O)NCCCN(C)C)C(=O)c3cc2F)C4CC4,8i46-A/A,GGAUGCUUUCGAGCGAUCC,"[3, 4, 13, 14, 15]"
