RNA Target,Structure Type,Sequence (5' to 3')
NRAS,G-quadruplex,UGUGGGAGGGGCGGGUCUGGG
TERRA,G-quadruplex,GGGUUAGGGU
EWSR1,G-quadruplex,GGGGCAGGGGAAGAGGGGG
AKTIP,G-quadruplex,GGGGUGGGGCGGGGCGGGG
Zika_NS5,G-quadruplex,GUGGAGGUGGGACGGGAGAGACUCUGGGAGA
Zika3PrimeUTR,G-quadruplex,GCGGCGGCCGGUGUGGGGAA
FGFR,Hairpin,GCUCUUGCUUCGCUUGUUUUCUAGGCCGCCGGUGUUAACACCACGGACAAAGAGC
KLF6_wt,Hairpin,GCUGGCAAUCACGUGCCAGC
KLF6_mut,Hairpin,GCUGGCAAUCACAUGCCAGC
BCL_XL,Hairpin,UUGGAUCCAGGAGAACGGCGGCU
BCL_XL_SS,Hairpin,AGCCUUGGAUCCAGGAGAACGGCGGCUGGGUAAGAACCAAGCCCUUGUGUGUCCCUUUUCUUUGGCCUC
RRE2B,Hairpin,UGGGCGCAGUGUCAUUGACGCUGACGGUACA
RRE2B_MeA,Hairpin,UGGGCGCAGUGUCAUUG(m6A)CGCUG(m6A)CGGUACA
Pre_miR_21,Hairpin,GGGUUGACUGUUGAAUCUCAUGGCAACCC
Pre_miR_17,Hairpin,CAAAGUGCUUACAGUGCAGGUAGUGAUAUGUGCAUCUACUGCAGUGAAGGCACUUGUAG
Pre_miR_31,Hairpin,AGGCAAGAUGCUGGCAUAGCUGUUGAACUGGGAACCUGCUAUGCCAACAUAUUGCCAUC
HIV_SL3,Hairpin,GACUAGCGGAGGCUAGAA
HBV,Hairpin,GGUUCAUGUCCUACUGUUCAAGCCUCCAAGCUGUGCCUUGGGUGGCUUUGGGGCAUGGACC
Pro_wt,Hairpin,GAGCCCAGGUGGGCGGACCCAUCUCCUCUGGCUC
Pro_mut,Hairpin,GAGCCCAGGUGGGUGGACCCAUCUCCUCUGGCUC
PreQ1,Pseudoknot,AGAGGUUCUAGCUACACCCUCUAUAAAAAACUAA
SAM_ll,Pseudoknot,UCGCGCUGAUUUAACCGUAUUGCAAGCGCGUGAUAAAUGUAGCUAAAAAGGG
ZTP,Pseudoknot,UAUCAGUUAUAUGACUGACGGAACGUGGAAUUAACCACAUGAAGUAUAACGAUGACAAUGCCGACCGUCUGGGCGAACA
TPP,Three-way junction,CAGUACUCGGGGUGCCCUUCUGCGUGAAGGCUGAGAAAUACCCGUAUCACCUGAUCUGGAUAAUGCCAGCGUAGGGAAGUGCUG
Glutamine_RS,Three-way junction,UAAUCGUUGGCCCAGUUUAUCUGGGUGGAAGUAAGGUCUUUGGCCUGAAGCAACGCGCCUC
MALAT1,Triple helix,AAAGGUUUUUCUUUUCCUGAGAAAUUUCUCAGGUUUUGCUUUUUAAAAAAAAAGCAAAA
ENE_A9,Triple helix,AAAAAAAAA and GGCUGGGUUUUUCCUUCGAAAGAAGGUUUUUAUCCCAGUC
